jNkylY5HycI,No Love,https://s320.djpunjab.is/data/320/51515/299399/No Love - Shubh.mp3,https://lh3.googleusercontent.com/G2ryS0OQ-BJ4g94A315NXGxX3jGU0rph_zeqjBbKGkvMYQ56uLDsWHYZpLwmJmdUPZPxCE56Dw5w1fdjkA=w544-h544-l90-rj
h4SGsHUr4SA,Baller,https://s320.djpunjab.is/data/320/52396/300400/Baller - Shubh.mp3,https://lh3.googleusercontent.com/TMs8F36tog6BNOxTQhxdfa_NwGlGSxctjDOk1GpFiblDD2GGeo-gwXbq5tqqohMSwAJawqI9p8fnI1E=w544-h544-l90-rj
Zw9zc9otxek,Her,https://s320.djpunjab.is/data/320/52775/300839/Her - Shubh.mp3,https://lh3.googleusercontent.com/3MOLy9UxekpRnVAddfnRM6jZiv5LXtTMDRLSvHSYecVPlAmWuV3Zixc2Zo7Q6Q2S4008KyPv6Lu-iBiVyg=w544-h544-l90-rj
5iPf3O934hY,Be Mine,https://s320.djpunjab.is/data/320/55814/304921/Be Mine - Shubh.mp3,https://lh3.googleusercontent.com/-lBsHw0BuBh2KHjSLMeyBAwqZQ-R-JxraU0isJMIDbyRstvLCy4UGKP3EBmCENwcqOl47TxGfeFk1WI=w544-h544-l90-rj
93AdicDsa9I,Balenci,https://s320.djpunjab.is/data/320/58038/308257/Balenci - Shubh.mp3,https://lh3.googleusercontent.com/i1Ce1nhhn5c52JQtkkpE1uvJhdwkc34aOjaE_v98qWz4qrPaKhK8XwQQ5hpW012coIdCI-GGMoasJ1fQTw=w544-h544-l90-rj
8DvIsGhtfY8,Bandana,https://s320.djpunjab.is/data/320/55292/304198/Bandana - Shubh.mp3,https://lh3.googleusercontent.com/HXBedjoDxkPIOhwWIzUrEdQYwUyK9hpgCBhChwMRY-1E8Jver3T-NVKXutwWzAhNBDPXCdtqVogApWL8=w544-h544-l90-rj
R2rPXjctmGc,Aura,https://p320.djpunjab.is/data/320/56865/306461/Aura - Shubh.mp3,https://lh3.googleusercontent.com/BusumQJRmdrk_AedfxoeScU3Z6WSfTaDBxdcrCF13bGUJxq26mv7ivPBWL8Bxq3pvlKwg2Mc3aDQPO16=w544-h544-l90-rj
U-byNg9VDZ0,MVP,https://s320.djpunjab.is/data/320/55507/304509/MVP - Shubh.mp3,https://lh3.googleusercontent.com/BbTkOnX6OMwvcN4CUGuLg7P8Tdqk_4qBxOjexlx7l8j8zZgRiAdK2Cjngj0nRnzElUP2IVdBnEFSiqoh=w544-h544-l90-rj
vsrjh8ip9-0,You and Me,https://p320.djpunjab.is/data/320/54902/303587/You And Me - Shubh.mp3,https://lh3.googleusercontent.com/5sAOVCBCsvjDwhvdr_AakxsrmLi28MOqvkPI_K39v6jkHIGGI_3yZcAHlauA0PrPx5Te8uEX98zAnyPf=w544-h544-l90-rj
9SoY4BtR8Pw,Safety Off,https://p320.djpunjab.is/data/320/54902/303588/Safety Off - Shubh.mp3,https://lh3.googleusercontent.com/5sAOVCBCsvjDwhvdr_AakxsrmLi28MOqvkPI_K39v6jkHIGGI_3yZcAHlauA0PrPx5Te8uEX98zAnyPf=w544-h544-l90-rj
iyLALTxXGUM,Hood Anthem,https://p320.djpunjab.is/data/320/54902/303589/Hood Anthem - Shubh.mp3,https://lh3.googleusercontent.com/5sAOVCBCsvjDwhvdr_AakxsrmLi28MOqvkPI_K39v6jkHIGGI_3yZcAHlauA0PrPx5Te8uEX98zAnyPf=w544-h544-l90-rj
1usErKKsNGM,King Shit,https://p320.djpunjab.is/data/320/54902/303590/King Shit - Shubh.mp3,https://lh3.googleusercontent.com/5sAOVCBCsvjDwhvdr_AakxsrmLi28MOqvkPI_K39v6jkHIGGI_3yZcAHlauA0PrPx5Te8uEX98zAnyPf=w544-h544-l90-rj
SAMnNrdpylA,Ice,https://p320.djpunjab.is/data/320/53792/302027/Ice - Shubh.mp3,https://lh3.googleusercontent.com/V_w7m2kuoVshpqcS1-RlEl-aONMQcGjP84WSo1tJS5IU8IDCr0v0s0NBMMGrLXtlL4CNjUKEdXcN3gAy=w544-h544-l90-rj
thS3-dmUvlg,Dior,https://p320.djpunjab.is/data/320/53792/302026/Dior - Shubh.mp3,https://lh3.googleusercontent.com/V_w7m2kuoVshpqcS1-RlEl-aONMQcGjP84WSo1tJS5IU8IDCr0v0s0NBMMGrLXtlL4CNjUKEdXcN3gAy=w544-h544-l90-rj
OEo9mz8pljQ,Cheques,https://p320.djpunjab.is/data/320/53792/302025/Cheques - Shubh.mp3,https://lh3.googleusercontent.com/V_w7m2kuoVshpqcS1-RlEl-aONMQcGjP84WSo1tJS5IU8IDCr0v0s0NBMMGrLXtlL4CNjUKEdXcN3gAy=w544-h544-l90-rj
qeAtl_FJBMA,Ruthless,https://p320.djpunjab.is/data/320/53792/302029/Ruthless - Shubh.mp3,https://lh3.googleusercontent.com/V_w7m2kuoVshpqcS1-RlEl-aONMQcGjP84WSo1tJS5IU8IDCr0v0s0NBMMGrLXtlL4CNjUKEdXcN3gAy=w544-h544-l90-rj
1FdMm_O7it8,One Love,https://s320.djpunjab.is/data/320/54173/302543/One Love - Shubh.mp3,https://lh3.googleusercontent.com/1L5hDbqWRfzoPbCYQtNJLMqIr3KLQB4a0uzkkm8M_Ef9GrXsGkmdVp46dx6JDKr_h0qUPBlOJCYumds=w544-h544-l90-rj
K5xT4_lt4Z8,Ruger,https://p320.djpunjab.is/data/320/56865/306459/Ruger - Shubh.mp3,https://lh3.googleusercontent.com/BusumQJRmdrk_AedfxoeScU3Z6WSfTaDBxdcrCF13bGUJxq26mv7ivPBWL8Bxq3pvlKwg2Mc3aDQPO16=w544-h544-l90-rj
ZriONHrdlbk,In Love,https://p320.djpunjab.is/data/320/56865/306466/In Love - Shubh.mp3,https://lh3.googleusercontent.com/BusumQJRmdrk_AedfxoeScU3Z6WSfTaDBxdcrCF13bGUJxq26mv7ivPBWL8Bxq3pvlKwg2Mc3aDQPO16=w544-h544-l90-rj
tbUgMJvsuNg,The Flow (Outro),https://p320.djpunjab.is/data/320/53792/302031/The Flow (Outro) - Shubh.mp3,https://lh3.googleusercontent.com/V_w7m2kuoVshpqcS1-RlEl-aONMQcGjP84WSo1tJS5IU8IDCr0v0s0NBMMGrLXtlL4CNjUKEdXcN3gAy=w544-h544-l90-rj
Ld_fabIEmek,Supreme,https://s320.djpunjab.is/data/320/57339/307166/Supreme - Shubh.mp3,https://lh3.googleusercontent.com/zuzIKOBT1migLpcsVfZCyFIm_4JrkMY8HSftUCArWN8i6PHr2Gz9DLKIx-UHLqMbTCrzpY6ufdnsP7s=w544-h544-l90-rj
LxLNLSGnLF8,Reckless,https://p320.djpunjab.is/data/320/56865/306465/Reckless - Shubh.mp3,https://lh3.googleusercontent.com/BusumQJRmdrk_AedfxoeScU3Z6WSfTaDBxdcrCF13bGUJxq26mv7ivPBWL8Bxq3pvlKwg2Mc3aDQPO16=w544-h544-l90-rj
sQwO85CmVDs,Routine,https://p320.djpunjab.is/data/320/56865/306464/Routine - Shubh.mp3,https://lh3.googleusercontent.com/BusumQJRmdrk_AedfxoeScU3Z6WSfTaDBxdcrCF13bGUJxq26mv7ivPBWL8Bxq3pvlKwg2Mc3aDQPO16=w544-h544-l90-rj
wukQRAoOSKU,Bars,https://p320.djpunjab.is/data/320/56865/306463/Bars - Shubh.mp3,https://lh3.googleusercontent.com/BusumQJRmdrk_AedfxoeScU3Z6WSfTaDBxdcrCF13bGUJxq26mv7ivPBWL8Bxq3pvlKwg2Mc3aDQPO16=w544-h544-l90-rj
cBgsbOmXvgs,Buckle Up,https://p320.djpunjab.is/data/320/56865/306458/Buckle Up - Shubh.mp3,https://lh3.googleusercontent.com/BusumQJRmdrk_AedfxoeScU3Z6WSfTaDBxdcrCF13bGUJxq26mv7ivPBWL8Bxq3pvlKwg2Mc3aDQPO16=w544-h544-l90-rj
wLRDsTCphbw,Still Rollin,https://p320.djpunjab.is/data/320/53792/302030/Still Rollin - Shubh.mp3,https://lh3.googleusercontent.com/V_w7m2kuoVshpqcS1-RlEl-aONMQcGjP84WSo1tJS5IU8IDCr0v0s0NBMMGrLXtlL4CNjUKEdXcN3gAy=w544-h544-l90-rj
A-FUaJsn1H4,Carti,https://p320.djpunjab.is/data/320/56865/306457/Carti - Shubh.mp3,https://lh3.googleusercontent.com/BusumQJRmdrk_AedfxoeScU3Z6WSfTaDBxdcrCF13bGUJxq26mv7ivPBWL8Bxq3pvlKwg2Mc3aDQPO16=w544-h544-l90-rj
64eIRd5SgZg,Fell For You,https://p320.djpunjab.is/data/320/56865/306460/Fell For You - Shubh.mp3,https://lh3.googleusercontent.com/BusumQJRmdrk_AedfxoeScU3Z6WSfTaDBxdcrCF13bGUJxq26mv7ivPBWL8Bxq3pvlKwg2Mc3aDQPO16=w544-h544-l90-rj
NzafSNc_Odo,Top G,https://p320.djpunjab.is/data/320/56865/306462/Top G - Shubh.mp3,https://lh3.googleusercontent.com/BusumQJRmdrk_AedfxoeScU3Z6WSfTaDBxdcrCF13bGUJxq26mv7ivPBWL8Bxq3pvlKwg2Mc3aDQPO16=w544-h544-l90-rj
jNkylY5HycI,No Love,https://s320.djpunjab.is/data/320/51515/299399/No Love - Shubh.mp3,https://lh3.googleusercontent.com/G2ryS0OQ-BJ4g94A315NXGxX3jGU0rph_zeqjBbKGkvMYQ56uLDsWHYZpLwmJmdUPZPxCE56Dw5w1fdjkA=w544-h544-l90-rj
6fHgKOBcJXw,Take It Easy,https://s320.djpunjab.is/data/320/53216/301382/Take It Easy - Karan Aujla.mp3,https://lh3.googleusercontent.com/-OoGihZ5OKb294Z5Fqj5_-JKslHZdYw0c-GG23BWr_VaaIUMGYASjBD8pjRvtvn3_IA2TzOkUZaOh_I=w544-h544-l90-rj
tMgEYaclnQ0,On Top,https://s320.djpunjab.is/data/320/52751/300803/On Top - Karan Aujla.mp3,https://lh3.googleusercontent.com/EJVc_it69xO_GF8zqL3WxJ5l1fUU0FpaUlRj6DsCxppzJKHzGI51umZ8PSE-0fGFWCJQHW319YY9OWNUdw=w544-h544-l90-rj
ttH-_1z-kKA,WYTB,https://s320.djpunjab.is/data/320/52755/300807/WYTB - Karan Aujla.mp3,https://lh3.googleusercontent.com/-KnetIrOuOQ1vQdXJRjFkF9aW9JpG13uQHVW_NkcaBGVFO8hmI5RVfKBV0GT5XSijlNX9jNP9IBWJFLwvA=w544-h544-l90-rj
7dzp-MPFziU,Fallin Apart,https://s320.djpunjab.is/data/320/53216/301383/Fallin Apart - Karan Aujla.mp3,https://lh3.googleusercontent.com/-OoGihZ5OKb294Z5Fqj5_-JKslHZdYw0c-GG23BWr_VaaIUMGYASjBD8pjRvtvn3_IA2TzOkUZaOh_I=w544-h544-l90-rj
sU3dvyon9I4,YEAH NAAH,https://s320.djpunjab.is/data/320/53216/301384/Yeah Naah - Karan Aujla.mp3,https://lh3.googleusercontent.com/-OoGihZ5OKb294Z5Fqj5_-JKslHZdYw0c-GG23BWr_VaaIUMGYASjBD8pjRvtvn3_IA2TzOkUZaOh_I=w544-h544-l90-rj
pdya0Vv4UA8,Mafia Gang,https://s320.djpunjab.is/data/320/51667/299571/Mucho Mafia - Karan Aujla.mp3,https://lh3.googleusercontent.com/IJkYG_nNGfVMGz2r0srok8pdPzghfjYtsg82Nq_cYc2jWd6UBEWDxbx1N3Nn_pjkh6wAnlSYUaatcJo=w544-h544-l90-rj
faYbQhZeRSY,Laut Aana (Remix),https://s320.djpunjab.is/data/320/52383/300387/Laut Aana - Karan Aujla.mp3,https://lh3.googleusercontent.com/vHHV6K2foGUrqX5bIIsk67XdjADoWeVO04wEIJepZt7pE-hSf74cmo9lDWsuwzokZpcnnU02L_o0X20=w544-h544-l90-rj
h0YH9-Px6RA,Hukam,https://s320.djpunjab.is/data/320/49689/297270/Hukam - Karan Aujla.mp3,https://lh3.googleusercontent.com/dsFvBnn2xbM2VEfEjFPjbYoiCfNUS-Q6OBKU0r_9Zv-qd9VOfKF1kw4nB3SFe8DVp3b_wivbU7kn_cIG=w544-h544-l90-rj
qI4Ela7K9S4,Chithiyaan,https://s320.djpunjab.is/data/320/49205/296749/Chithiyaan - Karan Aujla.mp3,https://lh3.googleusercontent.com/PLVpwLWERQ1Fpj5-3fcZVFyd6sxfkVIDTO6MiR54uoByzyavDJALNnBUnI_xPskDbgB_6PQCyU7Ape5z=w544-h544-l90-rj
PPt1nkBzTXM,Haan Haige Aa,https://s320.djpunjab.is/data/320/48605/296057/Haan Haige Aa - Karan Aujla.mp3,https://lh3.googleusercontent.com/_h88cUwNHoraZfFadtoGA9u2Ak2fYYnCnlYpicq7vgVrKvtya6dwDpU-yR4bjmhtZXbISQ7z4OgFKMIvWw=w544-h544-l90-rj
nxkHKPIkbeE,No Need,https://s320.djpunjab.is/data/320/44582/290643/No Need (Original) - Karan Aujla.mp3,https://lh3.googleusercontent.com/CoPyCSXL9GQaZMhc0nQEZLgV7LzFXi-vpEQMAbDAE1hNB-WaBfl2YsBdoELiz37IrQBtd3eD9Kt19ea5DA=w544-h544-l90-rj
OdzSpJ5UsmA,Hint,https://s320.djpunjab.is/data/320/46831/293833/Hint - Karan Aujla.mp3,https://lh3.googleusercontent.com/B2cT3_0zt5LuLNLmVPw4amvfAyB6jFAorWXTGyxF9InNl93mb_Vv_eOJZ2Mya7I8503qjfDi6ASfI96s=w544-h544-l90-rj
RhNuhze7bG0,Let 'em Play,https://s320.djpunjab.is/data/320/48290/295684/Let Em Play - Karan Aujla.mp3,https://lh3.googleusercontent.com/B6LiYGZ57agzCYIm0-qx5Qvdtt5c45nXFRZIvZjhBIkVgov-aDDSggXl0gvBxkUyii_s2huDrpKcwD46zw=w544-h544-l90-rj
nVtHV9aW6mc,Investigate Karan aujla (feat. Nagra Music),https://s320.djpunjab.is/data/320/53116/301246/Investigate - Karan Aujla.mp3,https://lh3.googleusercontent.com/3Azxy5CEYGPT3pzF-HtHIOstriDr59cFK2JPJtf-wE9GWw3bhB2qwqrzF4JKd0wLZtkm4weXp7CxiD4=w544-h544-l90-rj
Cb0IbWbFUh8,Kya Baat Aa,https://s320.djpunjab.is/data/320/48701/296175/Kya Baat Aa - Karan Aujla.mp3,https://lh3.googleusercontent.com/tijhMqk603qZerQZQY732K8iRu5fch-VOngUCjfcQfFNMuhJlHLHZ6hy-iaWu-NayKh1fpQqBcHUsZ9_JQ=w544-h544-l90-rj
J37S-PWvsVE,Don’t Worry,https://s320.djpunjab.is/data/320/43800/289565/Dont Worry - Karan Aujla.mp3,https://lh3.googleusercontent.com/VtBfb6Q1jpdhiPcjWBfUy-qjiiQnXa7boq0h2FtBOuE3a1L_fK8DNYcwSrP57Q3xHBwi0tk8Dvh08x0W=w544-h544-l90-rj
6bEGh_auS2g,Ink,https://s320.djpunjab.is/data/320/46665/293631/Ink - Karan Aujla.mp3,https://lh3.googleusercontent.com/mox5TOcBRUCmkwcorD-q4oZ24XTtjbOj2yxX4sppozb2Mc5nR8jDk0DC-lXb7j0LA_FurF5FhETZvei7=w544-h544-l90-rj
D6-WSZznJsc,7.7 Magnitude,https://p320.djpunjab.is/data/320/58033/308246/7.7 Magnitude - Karan Aujla.mp3,https://lh3.googleusercontent.com/BzOBERVwxHIkVDpePVN8mnT0MID3cySSHcZvY84FHusBL78dxkdpWBBk8o4O5e8BaenNlHKlI9fWb_Rccw=w544-h544-l90-rj
tIjUfo30r4M,Boyfriend,https://p320.djpunjab.is/data/320/58033/308243/Boyfriend - Karan Aujla.mp3,https://lh3.googleusercontent.com/BzOBERVwxHIkVDpePVN8mnT0MID3cySSHcZvY84FHusBL78dxkdpWBBk8o4O5e8BaenNlHKlI9fWb_Rccw=w544-h544-l90-rj
SR74hKXb0z4,Daytona,https://p320.djpunjab.is/data/320/58033/308254/Daytona - Karan Aujla.mp3,https://lh3.googleusercontent.com/BzOBERVwxHIkVDpePVN8mnT0MID3cySSHcZvY84FHusBL78dxkdpWBBk8o4O5e8BaenNlHKlI9fWb_Rccw=w544-h544-l90-rj
PbQvX0TjRVQ,Flip-Side (Sandy's Interlude),https://p320.djpunjab.is/data/320/58033/308247/Flip-Side (Sandys Interlude) - Karan Aujla.mp3,https://lh3.googleusercontent.com/BzOBERVwxHIkVDpePVN8mnT0MID3cySSHcZvY84FHusBL78dxkdpWBBk8o4O5e8BaenNlHKlI9fWb_Rccw=w544-h544-l90-rj
cWIGUPQqnSk,For A Reason,https://p320.djpunjab.is/data/320/58033/308244/For A Reason - Karan Aujla.mp3,https://lh3.googleusercontent.com/BzOBERVwxHIkVDpePVN8mnT0MID3cySSHcZvY84FHusBL78dxkdpWBBk8o4O5e8BaenNlHKlI9fWb_Rccw=w544-h544-l90-rj
ZOSz3QMUAUc,HIM.,https://p320.djpunjab.is/data/320/58033/308249/HIM. - Karan Aujla.mp3,https://lh3.googleusercontent.com/BzOBERVwxHIkVDpePVN8mnT0MID3cySSHcZvY84FHusBL78dxkdpWBBk8o4O5e8BaenNlHKlI9fWb_Rccw=w544-h544-l90-rj
z-whrTgHwhk,I Really Do...,https://p320.djpunjab.is/data/320/58033/308245/I Really Do... - Karan Aujla.mp3,https://lh3.googleusercontent.com/BzOBERVwxHIkVDpePVN8mnT0MID3cySSHcZvY84FHusBL78dxkdpWBBk8o4O5e8BaenNlHKlI9fWb_Rccw=w544-h544-l90-rj
66ZCzbiyKCs,I'ma Do My Thiiing,https://p320.djpunjab.is/data/320/58033/308250/Ima Do My Thiiing - Karan Aujla.mp3,https://lh3.googleusercontent.com/BzOBERVwxHIkVDpePVN8mnT0MID3cySSHcZvY84FHusBL78dxkdpWBBk8o4O5e8BaenNlHKlI9fWb_Rccw=w544-h544-l90-rj
yFRF4RXXT14,Gabhru!,https://p320.djpunjab.is/data/320/58033/308248/MF Gabhru! - Karan Aujla.mp3,https://lh3.googleusercontent.com/xH8TdDDq05BIwvMPOYZ67VV-0EQVgK_TS3L5Sl0y-oZDVsxX2w0JBTBDrYHQz9NbkECLp6ieDSN4w3eQ=w544-h544-l90-rj
Ypykr9W5a6w,P-POP CULTURE,https://p320.djpunjab.is/data/320/58033/308253/P-POP CULTURE - Karan Aujla.mp3,https://lh3.googleusercontent.com/BzOBERVwxHIkVDpePVN8mnT0MID3cySSHcZvY84FHusBL78dxkdpWBBk8o4O5e8BaenNlHKlI9fWb_Rccw=w544-h544-l90-rj
rlf48XUyjng,You're U Tho,https://p320.djpunjab.is/data/320/58033/308242/Youre U Tho - Karan Aujla.mp3,https://lh3.googleusercontent.com/BzOBERVwxHIkVDpePVN8mnT0MID3cySSHcZvY84FHusBL78dxkdpWBBk8o4O5e8BaenNlHKlI9fWb_Rccw=w544-h544-l90-rj
RrHxQKcw72g,At Peace,https://s320.djpunjab.is/data/320/57673/307649/At Peace - Karan Aujla.mp3,https://lh3.googleusercontent.com/nmF6MF-U6Lj02AgLaHOmyAI9UXdTiUTdLNfBPw4FbEwVyUArX9KHmwYc36GoHb-RVIOrSyfl1CC6tQ=w544-h544-l90-rj
hAsQhAYje_I,Courtside,https://s320.djpunjab.is/data/320/57478/307374/Courtside (Original) - Karan Aujla.mp3,https://lh3.googleusercontent.com/5cqb_FFeAPbzvatQ5WU8DQMsa6YZcDrFElVDXp-qJLI9mKt8un_JB1iT7moGJlnK3_0Zuelt66hScpEz=w544-h544-l90-rj
dfNVGTyhjJk,48 Rhymes,https://s320.djpunjab.is/data/320/57254/307058/48 Rhymes - Karan Aujla.mp3,https://lh3.googleusercontent.com/mJ3eTVwXpzfRrLuLFOY0136roP6hgI3hfH0-O4noq3uchWnqbxcBJftuWY0kntJiek47l6bdef-Kh6Y4ug=w544-h544-l90-rj
F2cugaURDHc,Tell Me,https://s320.djpunjab.is/data/320/57066/306753/Tell Me - Karan Aujla.mp3,https://lh3.googleusercontent.com/NwoeFsd7KUJf31DHWvnLJjvf3Rq4wxioMGmdPMoDKZN7WNBHH6hu7qiFENKrN-qbW48KV0nyY1FiPv6g=w544-h544-l90-rj
dNt3fcVmK88,Scary Hours,https://s320.djpunjab.is/data/320/57038/306725/Scary Hours - Karan Aujla.mp3,https://lh3.googleusercontent.com/nH2R_LPbDqF99CZZg2fKz3X_h6Rn-VWM2gnZ3Z6FVXpwFhN0DFUQAh_C6enLHaEJj4wRpiFbcVz9zYem6A=w544-h544-l90-rj
p5YzZLUyIZA,Aaye Haaye (feat. Nora Fatehi),https://s320.djpunjab.is/data/320/56657/306190/Aaye Haaye - Karan Aujla.mp3,https://lh3.googleusercontent.com/eyuBleEs_cm-hlIqvC181gVUD4DI-QiSqzVx-S3tly3GZcVDBHZagOYS8l__n2J-yn2bajNL0NNfOq5Jnw=w544-h544-l90-rj
sM7-oYA__fk,Sifar Safar,https://s320.djpunjab.is/data/320/56396/305777/Sifar Safar - Karan Aujla.mp3,https://lh3.googleusercontent.com/iXq3_o0j4i_DIkYlHiQbrPkcpCTKVSTvKhCF0jV_Uu0PpH9YXj0aPR55bkNDxmF53rR7_D-snY40Q31y=w544-h544-l90-rj
rXoReWNm8Zo,Antidote,https://p320.djpunjab.is/data/320/55771/304866/ANTIDOTE - Karan Aujla.mp3,https://lh3.googleusercontent.com/hM_cAPbpZC2IAMilLJHSZ_ALUpF2vih1XwzgINDR0so2vRW3OCyTmxVTN0eMzSfoNUb4S8j5X-uNJsAg=w544-h544-l90-rj
NOziyT1Qrpg,IDK HOW,https://p320.djpunjab.is/data/320/55771/304867/IDK HOW - Karan Aujla.mp3,https://lh3.googleusercontent.com/hM_cAPbpZC2IAMilLJHSZ_ALUpF2vih1XwzgINDR0so2vRW3OCyTmxVTN0eMzSfoNUb4S8j5X-uNJsAg=w544-h544-l90-rj
wSTYGmZuL_0,Who They?,https://p320.djpunjab.is/data/320/55771/304868/WHO THEY - Karan Aujla.mp3,https://lh3.googleusercontent.com/hM_cAPbpZC2IAMilLJHSZ_ALUpF2vih1XwzgINDR0so2vRW3OCyTmxVTN0eMzSfoNUb4S8j5X-uNJsAg=w544-h544-l90-rj
OtITesKvRS8,ON TOP 2,https://s320.djpunjab.is/data/320/55655/304696/On Top 2 - Karan Aujla.mp3,https://lh3.googleusercontent.com/gV7684wT1dyGv7MnoUC-4o8x9sp8ZuaMuvgoUQb0i82BsanSpdOFFb_TWMuzR9u5ZA_oaHbQ_0L86-dT=w544-h544-l90-rj
6qHWwwb44hg,Don't Look 2,https://s320.djpunjab.is/data/320/55654/304695/Dont Look 2 (Original) - Karan Aujla.mp3,https://lh3.googleusercontent.com/r7b1c84k1Zq35An3b5F3BLv2VfnwgLr55xkV7vr0f5xpEaxNRciMd8y7jZ1FPvSdcpPLIN4TRwK5EyUn2g=w544-h544-l90-rj
IGwjTuH7Khc,House Of Lies,https://s320.djpunjab.is/data/320/55586/304623/House Of Lies - Ikka.mp3,https://lh3.googleusercontent.com/HmZ07OCBSnOtK3eqekqKm6lIErDZPKmQTSvbEex9FP5i_OQS2cG_Rp2BWEfTLJQco0a6ENWXtJm7BoD8gw=w544-h544-l90-rj
0DS5jYQeiw0,Winning Speech,https://s320.djpunjab.is/data/320/55537/304551/Winning Speech - Karan Aujla.mp3,https://lh3.googleusercontent.com/mnu2kpE-hPCxQJ33mntkFMt5kmXuUqba4v1BuPvxdVaPB229swK_bujTrkHYrvJJtjGO86lqJ1G5jR0=w544-h544-l90-rj
UzwTBpmFS6s,Goin' Off,https://s320.djpunjab.is/data/320/55495/304494/Goin Off - Karan Aujla.mp3,https://lh3.googleusercontent.com/_FW9vFQPsDzqRUSf23c06Ve408koeipXONPe_geVSeLNWUxln6acrDPALD18SXd2YcMSUcGxi1ncrUZE=w544-h544-l90-rj
T6TfLviDBLg,100 Million,https://p320.djpunjab.is/data/320/55105/303876/100 Million - Karan Aujla.mp3,https://lh3.googleusercontent.com/0NPjPo_qbLgHsrHlBJibjiWrceDGspT7E__TRZQW9VLD8nTioWYLyN4rNpiy5qZWnB-0w1rikxWOiNc-=w544-h544-l90-rj
VARGPatJX0Q,Hisaab (feat. Karan Aujla),https://p320.djpunjab.is/data/320/55105/303875/Hisaab - Karan Aujla.mp3,https://lh3.googleusercontent.com/CszgbRfZJUz21ovA3PlasGOyhEzNET2yAdhk7kApgJT2_8xhFzsFJApWf1PxfIa9ouibWJBGdLKrtGfX=w544-h544-l90-rj
zWOs9xmJ9D8,Nothing Lasts,https://p320.djpunjab.is/data/320/55105/303870/Nothing Lasts - Karan Aujla.mp3,https://lh3.googleusercontent.com/96Po36KcTeXrXUAm6GUQzs7fflluSV6WpNYk3BYoH41Gy3xwCPbXmQPtam6H3NU7d5aQcvBvGT4TkJ0=w544-h544-l90-rj
8288RvzNYbM,Straight Ballin',https://p320.djpunjab.is/data/320/55105/303873/Straight Ballin - Karan Aujla.mp3,https://lh3.googleusercontent.com/96Po36KcTeXrXUAm6GUQzs7fflluSV6WpNYk3BYoH41Gy3xwCPbXmQPtam6H3NU7d5aQcvBvGT4TkJ0=w544-h544-l90-rj
CR004kqXNBQ,Tareefan,https://p320.djpunjab.is/data/320/55105/303872/Tareefan - Karan Aujla.mp3,https://lh3.googleusercontent.com/96Po36KcTeXrXUAm6GUQzs7fflluSV6WpNYk3BYoH41Gy3xwCPbXmQPtam6H3NU7d5aQcvBvGT4TkJ0=w544-h544-l90-rj
l19LOWRouIA,Top Class / Overseas,https://p320.djpunjab.is/data/320/55105/303871/Top Class Overseas - Karan Aujla.mp3,https://lh3.googleusercontent.com/96Po36KcTeXrXUAm6GUQzs7fflluSV6WpNYk3BYoH41Gy3xwCPbXmQPtam6H3NU7d5aQcvBvGT4TkJ0=w544-h544-l90-rj
4CeApFT9JqE,Yaad (feat. Jonita Gandhi),https://p320.djpunjab.is/data/320/55105/303874/Yaad - Karan Aujla.mp3,https://lh3.googleusercontent.com/96Po36KcTeXrXUAm6GUQzs7fflluSV6WpNYk3BYoH41Gy3xwCPbXmQPtam6H3NU7d5aQcvBvGT4TkJ0=w544-h544-l90-rj
a1P55Z1Jugg,Admirin' You (feat. Preston Pablo),https://p320.djpunjab.is/data/320/54172/302542/Admirin You (feat. Preston Pablo) - Karan Aujla.mp3,https://lh3.googleusercontent.com/CwS-QQuTf5ggHK9A9-5Pvn1CQyyALQfNHWP5hl40a6v33HS55zpUAbaT6R3nrnN2DuJTh1vlfTtN5DpO=w544-h544-l90-rj
MMxGRsxpTmQ,Bachke Bachke (feat. Yarah),https://p320.djpunjab.is/data/320/54172/302538/Bachke Bachke (feat. Yarah) - Karan Aujla.mp3,https://lh3.googleusercontent.com/CwS-QQuTf5ggHK9A9-5Pvn1CQyyALQfNHWP5hl40a6v33HS55zpUAbaT6R3nrnN2DuJTh1vlfTtN5DpO=w544-h544-l90-rj
L5MxDinudgg,Champion's Anthem,https://p320.djpunjab.is/data/320/54172/302536/Champions Anthem - Karan Aujla.mp3,https://lh3.googleusercontent.com/CwS-QQuTf5ggHK9A9-5Pvn1CQyyALQfNHWP5hl40a6v33HS55zpUAbaT6R3nrnN2DuJTh1vlfTtN5DpO=w544-h544-l90-rj
SzQvBlDZKVw,"Girl, I Love You (Euro's Intro)","https://p320.djpunjab.is/data/320/54172/302541/Girl, I Love You (Euro S Intro) - Karan Aujla.mp3",https://lh3.googleusercontent.com/CwS-QQuTf5ggHK9A9-5Pvn1CQyyALQfNHWP5hl40a6v33HS55zpUAbaT6R3nrnN2DuJTh1vlfTtN5DpO=w544-h544-l90-rj
fpyBL6J0EuA,Jee Ni Lagda,https://p320.djpunjab.is/data/320/54172/302537/Jee Ni Lagda - Karan Aujla.mp3,https://lh3.googleusercontent.com/CwS-QQuTf5ggHK9A9-5Pvn1CQyyALQfNHWP5hl40a6v33HS55zpUAbaT6R3nrnN2DuJTh1vlfTtN5DpO=w544-h544-l90-rj
U4qD41gPQMU,Softly,https://p320.djpunjab.is/data/320/54172/302540/Softly - Karan Aujla.mp3,https://lh3.googleusercontent.com/CwS-QQuTf5ggHK9A9-5Pvn1CQyyALQfNHWP5hl40a6v33HS55zpUAbaT6R3nrnN2DuJTh1vlfTtN5DpO=w544-h544-l90-rj
Vxz5MBgufW0,Try Me,https://p320.djpunjab.is/data/320/54172/302539/Try Me - Karan Aujla.mp3,https://lh3.googleusercontent.com/CwS-QQuTf5ggHK9A9-5Pvn1CQyyALQfNHWP5hl40a6v33HS55zpUAbaT6R3nrnN2DuJTh1vlfTtN5DpO=w544-h544-l90-rj
l313idhRXbQ,What...?,https://p320.djpunjab.is/data/320/54172/302534/What - Karan Aujla.mp3,https://lh3.googleusercontent.com/CwS-QQuTf5ggHK9A9-5Pvn1CQyyALQfNHWP5hl40a6v33HS55zpUAbaT6R3nrnN2DuJTh1vlfTtN5DpO=w544-h544-l90-rj
fr4SMyIeDCc,You,https://p320.djpunjab.is/data/320/54172/302535/You - Karan Aujla.mp3,https://lh3.googleusercontent.com/CwS-QQuTf5ggHK9A9-5Pvn1CQyyALQfNHWP5hl40a6v33HS55zpUAbaT6R3nrnN2DuJTh1vlfTtN5DpO=w544-h544-l90-rj
a78nnnL4Fxc,Bas,https://p320.djpunjab.is/data/320/53273/301464/Bas Ke Bahar - Badshah.mp3,https://lh3.googleusercontent.com/6WM5mYFszlKLZ2HckuAPlw4zYUwNE-Eww4aYs8lU_-SQzMo8VZYPYlTkvG5o2aXIWgnecnsV81kZY-My=w544-h544-l90-rj
0K0sX6_wt_0,Players (feat. Devika Badyal),https://p320.djpunjab.is/data/320/53273/301468/Players - Badshah.mp3,https://lh3.googleusercontent.com/3EzY3OvKqaIKuRvvMk-DCYRX868LjNs1ToimTdWevPFaOY0OV6K1CBqtl0b8asfYlppKkseBWp6MMzY=w544-h544-l90-rj
yjO84xl_XAU,White Brown Black,https://s320.djpunjab.is/data/320/52840/300918/White Brown Black - Avvy Sra.mp3,https://lh3.googleusercontent.com/qWVCMVse6-eRTbQVx-wtuC32gFWgr2juGCQIhbcomvpP0cEXfWPY863wgXGM41Hp6gZHhEA0olH4AZi15A=w544-h544-l90-rj
ItckuDXcS5U,Click That B Kickin It ( Yaar Jatt De ),https://s320.djpunjab.is/data/320/50514/298192/Yaar Jatt De - Karan Aujla.mp3,https://lh3.googleusercontent.com/wJgrPabCpjlETtyvCaGaFpq2dg5GMrdUhT3RFJ4iFIZLa7Q-9v15rL0JfUYiADWHTZRp8vbbDKic9SLR=w544-h544-l90-rj
cSU1BsdCvD0,Tasali,https://s320.djpunjab.is/data/320/50493/298171/Tasali - Karan Aujla.mp3,https://lh3.googleusercontent.com/JDMtnAcRFaXuJW6z6OLs_qMxlQl5ydP3KrLYVRbQlb0nmVoOD8IzbfxV-A456b8quAMjcuDbZhLOHSvrwQ=w544-h544-l90-rj
37eIRbPFs8M,Few Days (feat. Karan Aujla),https://s320.djpunjab.is/data/320/50022/297647/Few Days - Karan Aujla.mp3,https://lh3.googleusercontent.com/QjAAvZejnWE88e3FZQ_poj5ZjAn45LqI61d6iv0bCKPaDuvzJkX0kOig1DKfmmojHBWoWuoWCNaitrLS=w544-h544-l90-rj
AfeTEo4VV1I,NO WAY,https://s320.djpunjab.is/data/320/50012/297637/No Way - Karan Aujla.mp3,https://lh3.googleusercontent.com/IWn6LtULDVs2Qz0XnT0dHNeEIhNjLbwOREu-06jSEeB6P8pZgjrIT2qgGRJdZb_yndOLWoq9oJ1nmPeO=w544-h544-l90-rj
5d3EuRN43bU,Mexico,https://s320.djpunjab.is/data/320/49851/297433/Mexico (Original) - Karan Aujla.mp3,https://lh3.googleusercontent.com/wLl-K37UWy0moAXUD0zzRs04MnPN0SPFPj_oZseiUJtsa0q9FaEsgRkNrBJpE4Xh70dVrkZbxBA4STA-=w544-h544-l90-rj
KSP6Wj7dA7g,Jatt te Jawani (feat. Karan Aujla),https://s320.djpunjab.is/data/320/49785/297367/Jatt Te Jawani - Dilpreet Dhillon.mp3,https://lh3.googleusercontent.com/WG0cgSD6RER6h0hBIxAoKS2p3Jpym3XrA0dd71PPe47wNzSJMR6uQgqF1_nn37cCTI44uc43O13MhH8=w544-h544-l90-rj
YR1JtKBsXiw,Guilty (feat. Karan Aujla),https://s320.djpunjab.is/data/320/49563/297126/Guilty - Inder Chahal.mp3,https://lh3.googleusercontent.com/tAq-aq7R5ytKWjgWVgA1jERhMLgbE7O3wxWAsZ0awyzyPg56ZOQDWnC0FxaLCCRpyw32_9lDAWyHCjhl=w544-h544-l90-rj
k-kisXxwGOg,Adhiya,https://s320.djpunjab.is/data/320/49086/296609/Adhiya - Karan Aujla.mp3,https://lh3.googleusercontent.com/e-JFn302qhKY0FryBXk8m7VocMCW8DPcbrno59GZew0CmYEqW4trcUPExBooSXaUMiBrz2Sf0WmHiM9Eww=w544-h544-l90-rj
bNZNBFAwy0k,Math,https://s320.djpunjab.is/data/320/49045/296568/Math - Daljeet Chahal.mp3,https://lh3.googleusercontent.com/FWGeszCiECkQamqJd3y2TyTsPZcxjLw5naPqfItBnx6j5RamxKEI5hT4EOe33nJbHRX810ynt1Ak0Tg=w544-h544-l90-rj
vrsBghSRQrA,Ask Them,https://s320.djpunjab.is/data/320/48913/296435/Ask Them - Gippy Grewal.mp3,https://lh3.googleusercontent.com/pczVWG3o0WbTdV-CyZMJ-BNRmbVq4vDA6ImCqVmlskIZfgATIqthuEF0pBnos_V0piQlAMvIzV1ngbNS=w544-h544-l90-rj
kK3Offm3rbc,Thaa Karke (feat. Karan Aujla),https://s320.djpunjab.is/data/320/48788/296270/Thaa Karke - B Mohit.mp3,https://lh3.googleusercontent.com/dNGgSGQ5m_2VsRKP5Gqv31i6r-C0TYD39NMHbbdqixtQjFpr6ygvh-PvKmlB2-2c8HHGvNl27OcRFD5uqA=w544-h544-l90-rj
4mEk7uhQjjs,Yaar Graribaaz,https://s320.djpunjab.is/data/320/48670/296137/Graribaaz - Navjeet Kahlon.mp3,https://lh3.googleusercontent.com/uJ2vB3v3UxK3FulW97jcheSvcBOZR2s5hj6ekOxoELIqEWw6wAeb0kja2zJo54q7ko5zd4HV_f__TCyO=w544-h544-l90-rj
MKyeBA5A360,Bar Bar (feat. Karan Aujla),https://s320.djpunjab.is/data/320/48547/295984/Bar Bar - Navjot.mp3,https://lh3.googleusercontent.com/HBGVjMY9AXqOIvZE3BafapEGJx9zi7eyPNfVjFFlzlcOl3GQH6TiWd1BBseoTamTYjk5wM5JuPJ2B2K5CQ=w544-h544-l90-rj
6UfrO_xQ8R8,So Far,https://s320.djpunjab.is/data/320/48441/295878/So Far - Karan Aujla.mp3,https://lh3.googleusercontent.com/bIpt0lgb9aFw9cK_FSqBNy4cP8SPAx26QmbZMboceGcm89yKMXefSzNA7S2dC-Kv9-VwGyYDI05SNgFL=w544-h544-l90-rj
DXvHD5KWQCs,Committed,https://s320.djpunjab.is/data/320/48175/295551/Committed - Naman Dhillon.mp3,https://lh3.googleusercontent.com/TRZuE-H1Jm6MbLoHIL629t45MKGF4vu_pc-IiCNh4EC0XbHQhEXvnh1BtySSPrrCx6BVh68B4lz27b8P=w544-h544-l90-rj
mG6zRZTbsCY,Madam Ji (feat. Karan Aujla),https://s320.djpunjab.is/data/320/48095/295461/Madam Ji - Tushar.mp3,https://lh3.googleusercontent.com/8NzOdt3mIbP9Xt3ryKc_8TIRg8uTP0PNtAyLz7v-7ifn8JzB740Y6-rjXxgu5MDYqfkd24MoUSKwSY4=w544-h544-l90-rj
EecLsdN8nZk,Alcohol 2,https://s320.djpunjab.is/data/320/48020/295383/Alcohol 3 - Paul G.mp3,https://lh3.googleusercontent.com/qq5rimQSfvdr0Iv-a3iPldhzNMuI6YP9Ui534xSUYRrMG4baPCJxJgkjTAflbLZHdRkdSSc7Rh1EjXtN=w544-h544-l90-rj
QzUWDBhvdxY,Sheikh,https://s320.djpunjab.is/data/320/47977/295340/Sheikh Full Song - Karan Aujla.mp3,https://lh3.googleusercontent.com/m912kvawBxTLxbm-5YJtGvCdEqia6gQQUIXBEcmrqf-TPgWCsgw5kJOQzIzrvDmAVawJt6Mvcf5enIg3=w544-h544-l90-rj
t8SaLPrX63s,It's Okay God,https://s320.djpunjab.is/data/320/47884/295224/Its Ok God - Karan Aujla.mp3,https://lh3.googleusercontent.com/y_AmlnhfCKYpckL0HrIZgEJwEAmJTehoJrMvd7jkZLkruUPaHLVyPKC3kaY-CsV6J08kfsK7IWIrNM4KHA=w544-h544-l90-rj
lnRnCzopbzU,Mind Games,https://s320.djpunjab.is/data/320/47795/295110/Mind Games - Vicky.mp3,https://lh3.googleusercontent.com/OqHO9jnctNOMzqZoQHNX-oF--KZ7to-Vj69SsiWeEhqM8OZiRM-1CWKG-g2f-NfiKFNy8nQfDbUhnRCQ=w544-h544-l90-rj
IfzPqjqog0o,Dhakka,https://p320.djpunjab.is/data/320/47775/295081/Dhakka - Jaily Manjitpuri.mp3,https://lh3.googleusercontent.com/K9Kn4jMMbE36mi6ejIvP7AmpTXh5sWKtjq4zaB5e6OGazw41vgr9Usr5-QlNbE6W0CV82YEJdOYihfk=w544-h544-l90-rj
wVJGE3aD98U,Gabru Karan,https://p320.djpunjab.is/data/320/47775/295083/Dream Gabru - Karan Aujla.mp3,https://lh3.googleusercontent.com/kCrFE1ZkAffED36O8JTIli8848iv-fDLZO3OSYEx2Jf5eviwCVBEtaEecvSRd_ReztPcGZq7cGfjhJdvSA=w544-h544-l90-rj
NG9xB0gs2L4,Jhanjar,https://s320.djpunjab.is/data/320/47412/294616/Jhanjar - Karan Aujla.mp3,https://lh3.googleusercontent.com/Ol2dlAlzsOLasTFObsLIjRteOQrpfycg4u5bMl3hMkDrc9rzqsmNTvPlgYHmFiZ4L5fXLHYn0AHCkWHD=w544-h544-l90-rj
tzgLNWAfHyQ,Yaar Yaar (feat. Deep Jandu & Karan Aujla),https://s320.djpunjab.is/data/320/47276/294407/Yaar Yaar - Deep Jandu.mp3,https://lh3.googleusercontent.com/DKG_r4fbSMW9YtvjtQmiMpr8H5VYMmIxg0OYwQ51L3QQQheeyuM26KubJtr4EKMM9wJitv7TjulqkRs=w544-h544-l90-rj
wr41M7fBHqg,Deal (feat. Karan Aujla),https://s320.djpunjab.is/data/320/47275/294406/Deal - Karan Aujla.mp3,https://lh3.googleusercontent.com/DKG_r4fbSMW9YtvjtQmiMpr8H5VYMmIxg0OYwQ51L3QQQheeyuM26KubJtr4EKMM9wJitv7TjulqkRs=w544-h544-l90-rj
05vhNtgMzb4,My Name,https://s320.djpunjab.is/data/320/47179/294278/My Name - Karan Aujla.mp3,https://lh3.googleusercontent.com/8223Zk2MDvxb4Ifw8hQz2jSaMhKLmlcEo_iQTWReP3JOMDTVF46rDhVqikQhSKfRXWmM7EcKDoNnRLM=w544-h544-l90-rj
ZQ3iB_xYQL8,Demand,https://s320.djpunjab.is/data/320/47044/294107/Demand - Kawal Bhullar.mp3,https://lh3.googleusercontent.com/_BcQYwc313WHODzk7sQVpazs-lRkUFRMj8_5CWbJAC20Q6Y-e4qV9nQEt_BHNAUrO7ei6VBtEA90qDQ=w544-h544-l90-rj
jxUWVMuXta4,Aukaat,https://p320.djpunjab.is/data/320/46505/293397/Aukaat - Deep Jandu.mp3,https://lh3.googleusercontent.com/VpSjdmdyf6tXqyAePLeYrI5lQvuD_mO8VrODbFVRjFr_w_osrdrX6dRn5ozeUx58WN278a-8rrWWS3g=w544-h544-l90-rj
SE6Ju744wOI,Meri Beat Te Nachdi,https://p320.djpunjab.is/data/320/46505/293398/Meri Beat Te Nachdi - Deep Jandu.mp3,https://lh3.googleusercontent.com/MNYzwA8cyP3ppZWvq5TFjqcA2TyzLgGTm8LtxdbjL3zrZHcopCrX4KirKJQPuiYSxkfFjdZSlXi4KGBA=w544-h544-l90-rj
v2wLgvSi4nA,Urban Tappe,https://p320.djpunjab.is/data/320/46505/293399/Urban Tappe - Deep Jandu.mp3,https://lh3.googleusercontent.com/g8s0Oq7cXrclojWo5CYfM7aMW7fV3EAC8HmrNChU_DjmiWXfodp_kjKUaxpvuHKs6aXdRe-uoBnYChsV=w544-h544-l90-rj
lsIowRsvKHc,Vair Jatt Da,https://p320.djpunjab.is/data/320/46505/293400/Vair Jatt Da - Deep Jandu.mp3,https://lh3.googleusercontent.com/tf5gG2B6h9al9pM65Ba_LK_fXYWA6-KgM3yof37Tejn7nzgoyq_USwuS3ryl6Rwe3rkeOh_pHJHvm5gR=w544-h544-l90-rj
wPt8otuXojc,Don't Tell Me,https://s320.djpunjab.is/data/320/46337/293150/Dont Tell Me - Dilpreet Dhillon.mp3,https://lh3.googleusercontent.com/e4HMDY2nE4xIg3vKVAmAfqzoQzIEk54OioHICSd18NjgasNO082Qsd9Fm4bgamuKAvyM74fTAiHSIWI=w544-h544-l90-rj
_6ls1wygN4k,Koi Chakkar Ni,https://s320.djpunjab.is/data/320/46210/292913/Koi Chakkar Nai - Karan Aujla.mp3,https://lh3.googleusercontent.com/unh5DwJjlVhEgNEiOJg_QjpsdoMBR4PAurMyVyWFKgEgS98Np203E3FyddxdREumDWXjy1lDzp9-mcBd=w544-h544-l90-rj
5Gru51viuwc,Red Light,https://s320.djpunjab.is/data/320/46105/292757/Red Light - Deep Jandu.mp3,https://lh3.googleusercontent.com/ICZMx_uglBSxPwb4fiBZhJcboGMavxK5PWE9wixxuA8qILeBL7HpuXL2EHXkI_cAvaT7yYTfxYspqz8_=w544-h544-l90-rj
c3JRWeWXwl0,Love Hate,https://s320.djpunjab.is/data/320/45987/292612/Love Hate - Raj Dhillon.mp3,https://lh3.googleusercontent.com/_nae4msm4De5gRtrmzfwQPXrEYnKqo-UN3B46lqIIG_13N4Y9TkWDd6TpANTQ7RwHqfFlQIBQ_DQEO6n=w544-h544-l90-rj
mkTSxiyRIRU,My Car (feat. Deep Jandu),https://s320.djpunjab.is/data/320/45876/292458/My Car - Deep Jandu.mp3,https://lh3.googleusercontent.com/CszgbRfZJUz21ovA3PlasGOyhEzNET2yAdhk7kApgJT2_8xhFzsFJApWf1PxfIa9ouibWJBGdLKrtGfX=w544-h544-l90-rj
m0ZnBT7c7xM,Mundey Khunde (feat. Sarthi K),https://p320.djpunjab.is/data/320/45874/292449/Mundey Khunde - Sarthi K.mp3,https://lh3.googleusercontent.com/CszgbRfZJUz21ovA3PlasGOyhEzNET2yAdhk7kApgJT2_8xhFzsFJApWf1PxfIa9ouibWJBGdLKrtGfX=w544-h544-l90-rj
GPIJ4Ubsl5M,"Scene (feat. 6irdz, Deep Jandu, SHV G & Karan Aujla)",https://p320.djpunjab.is/data/320/45874/292456/Scene - Deep Jandu.mp3,https://lh3.googleusercontent.com/CszgbRfZJUz21ovA3PlasGOyhEzNET2yAdhk7kApgJT2_8xhFzsFJApWf1PxfIa9ouibWJBGdLKrtGfX=w544-h544-l90-rj
gpwRbqg0T64,Don't Like,https://p320.djpunjab.is/data/320/45874/292453/We Dont Like - Harvy Sandhu.mp3,https://lh3.googleusercontent.com/KFoxYogOjl8iso48y4vXC8rv4-a79RuzqyxuTrVgUVT8wCRUWO0xCKKimybI1gn9kqFSeMIv1rhWZgA=w544-h544-l90-rj
IZMB2mQrMmU,Kaim Life,https://s320.djpunjab.is/data/320/45766/292316/Kaim Life - JP Randhawa.mp3,https://lh3.googleusercontent.com/8FL0SXfoo3RY9OMREYkXGH-4srEJ8HpNBSr5KYbL04Zjg-TmtDt5-1aBken9qbux2V-jTxSDXp63TmP3=w544-h544-l90-rj
tVoCOQpFPr4,No Dinero,https://s320.djpunjab.is/data/320/45729/292279/No Dinero - G Ranjha.mp3,https://lh3.googleusercontent.com/z6YNq6hBm-hxuBdoRZ0XI6sxbIm9N_W_8boRBE4haGKgsXcZv9T5hEtS_zPzcesrNZZtKkTyTkCc_97AMw=w544-h544-l90-rj
xzxMZTPftts,Simplicity (feat. J Statik & Karan Aujla),https://s320.djpunjab.is/data/320/45701/292248/Simplicity - G Money.mp3,https://lh3.googleusercontent.com/pkWJb_LJ79D7d5yGFCAcgIb6suzX9siINGNoTq8cFK2Vnc4u0Z6TgRBUpIT_OxvPR-GD86J_Wpw2b33WfA=w544-h544-l90-rj
MSeXqWxDuJ4,Hair,https://s320.djpunjab.is/data/320/45630/292123/Hair - Karan Aujla.mp3,https://lh3.googleusercontent.com/a62kumQfr08nq0HjwL_kMgHrYTit1bgtpcfZEcth0Cfg3MRz5aXcMIi9SAtSkkS3BCO6R4lQAy8KRis1Zw=w544-h544-l90-rj
PRfkYa8uXqE,Doctor (feat. Karan Aujla),https://s320.djpunjab.is/data/320/45493/291976/Doctor - Penny.mp3,https://lh3.googleusercontent.com/NLy1EiURN9Y4CQAqJfxmoa7mK6ptlTSyBEmtmphs84-H6fMg7k-wokqRVFNLo6FFVvZQvBF0X7mk3MKE=w544-h544-l90-rj
6WX2Ko2cdLU,Vair,https://s320.djpunjab.is/data/320/45431/291880/Vair - Yaad.mp3,https://lh3.googleusercontent.com/_NXFZySJrWF_sf96P3bFLClpeWVTPK9z8ZuGmhW_RsQHkPYxTDAtDED0Rh_YLjapbT863dX-5HTcWRN3=w544-h544-l90-rj
7U4dZYm0M4I,Gunday Hain Hum,https://s320.djpunjab.is/data/320/45414/291859/Gunday Hain Hum - Dilpreet Dhillon.mp3,https://lh3.googleusercontent.com/5BbhU9b1k4K7tejWTMKKYfMiam_vcipCF7NLlVs7KjU33rmVsWRwjTY8yWUzdplcYYBPskn_xmU9wHI=w544-h544-l90-rj
ptf8Vwt4sPw,Supply,https://s320.djpunjab.is/data/320/45355/291761/Supply - Gurjas Sidhu.mp3,https://lh3.googleusercontent.com/buYW89rStAHXuV2xVX84FDcuA2nj2HHflk20G1tYp_AHcEkw5851cwFadfjFC9HopiEzZCy9n2vTDFeK=w544-h544-l90-rj
-RTEmWzW6nY,Facts,https://s320.djpunjab.is/data/320/45164/291515/Facts - Karan Aujla.mp3,https://lh3.googleusercontent.com/96GVFo4GSR5rxtHkRxehNYLhwJa9cZ4Hboec0n8mxL3dHfu0s-HS9HuKma-E9Gztuxlee07qnBaCJ7lH=w544-h544-l90-rj
pjBi47ktDpM,Snake,https://s320.djpunjab.is/data/320/45031/291287/Snake - Kanwar Dhindsa.mp3,https://lh3.googleusercontent.com/ohA4dH68rYKCvZiv4OVgeZpAPnXGtInUdKQOPKXgHNfEBGv3JELgKfDqiLSDjQScAtYet-KsF2fVXmfR-Q=w544-h544-l90-rj
Bx5mQeRTnLs,Khulla Sher,https://s320.djpunjab.is/data/320/44767/290906/Khulla Sher - J Lucky.mp3,https://lh3.googleusercontent.com/GLG3-en4lmklN4ZYetyycnDiHejvq9czwP9uVcwYhjgWrNlTKcHBoeeACxutcwPHkrM4y0bNxpWin42Y=w544-h544-l90-rj
KGCjuWtqbRA,PCR (feat. Karan Aujla),https://s320.djpunjab.is/data/320/44732/290865/PCR - Gurjas Sidhu.mp3,https://lh3.googleusercontent.com/nuey306_TXLqpdOafCNqCXj56gbnjI0QhUxE90U0YBqwqW3WW9SA6SBm5yMjmVFE6-coU6PAUSa24vCR=w544-h544-l90-rj
d1-iQ-IpskM,Weak Point,https://s320.djpunjab.is/data/320/44581/290642/Weak Point - Dilpreet Dhillon.mp3,https://lh3.googleusercontent.com/meYVLUbcdbcgt9Py58TzX64BGMl9PK3Zfbm1_hO3KNc8KeQTAUqWMcRjb9YQvCdmAJ8Eu1KK7AwmYy4=w544-h544-l90-rj
t5IzCyDZmes,Summer High,https://s320.djpunjab.is/data/320/52268/300232/Summer High - AP Dhillon.mp3,https://lh3.googleusercontent.com/kTVvvr6S4GX32LuimSZvV3w1Z932XdBWXq1HebsRYsZ534uYxYU_sGZDP9RIOgUJQWVTDy473K_qf2I=w544-h544-l90-rj
6FC4P3XHbLY,Fake,https://s320.djpunjab.is/data/320/51286/299120/Fake - AP Dhillon.mp3,https://lh3.googleusercontent.com/A1pw1LGqfBg4bJ2LVH53Jl1bn-t_CC0s8-BQqiEF4d6E7VGmB5N7Cti54qaDZVbeRT4DD8mgBoS9GkC-=w544-h544-l90-rj
SibbcVt6FX4,President,https://s320.djpunjab.is/data/320/44486/290510/President - Karan Aujla.mp3,https://lh3.googleusercontent.com/MXoSUNebMntm0FI-Zum7vjmhFtNaen_BPccF62pziFPC3b1FBt-Mrp9tHw5dE-e5BY0pmYBYX8CrB6Q=w544-h544-l90-rj
XQGQ-x_dWi8,Mafia,https://s320.djpunjab.is/data/320/44485/290509/Mafia - Karan Aujla.mp3,https://lh3.googleusercontent.com/9DTL-_CZjB0xN_o7nDq2ahcUaxEmM-SWsi6ew7b4YcrNCPM0goxghYpOeuWyroAi6mTI_8_Um19BqvF1=w544-h544-l90-rj
okSStw93LpI,TERE TE,https://s320.djpunjab.is/data/320/50929/298716/Tere Te - AP Dhillon.mp3,https://lh3.googleusercontent.com/ciA_XfgFe6uevhFb3AimcHHFbXZBD6sV9Vj3tTgjNcNwXsdozzE9ESOMUJD9LVke8DA9KWqEwQSEwvIk=w544-h544-l90-rj
5DlJJbkXQe0,Insane,https://s320.djpunjab.is/data/320/50071/297697/Insane - AP Dhillon.mp3,https://lh3.googleusercontent.com/KeEBJiN7-fZM1K8i9Kzvo3lvMCOik6rfSV-pQETMJZnJzEh760ICEeFnJQFCFzB5DbOYFc97UfaBuRpymQ=w544-h544-l90-rj
OLYShrg7PrE,Rim vs Jhanjar,https://s320.djpunjab.is/data/320/44256/290134/Rim Vs Jhanjar - Karan Aujla.mp3,https://lh3.googleusercontent.com/R0qJiWCWsxVTml1KzBbApYubbTL4ZJdWBXlO9KWSARV4BRSNVb1NZBO0ms8K9FPm8Lkz30IhzpnFzXk=w544-h544-l90-rj
SJro6oNX_OU,Foreigns,https://s320.djpunjab.is/data/320/49315/296864/Foreigns - AP Dhillon.mp3,https://lh3.googleusercontent.com/y_nbJUZMevpWUPL87PjjBxHMSIzrjbUGkWOGoj14E0eWDAP9yKx8JZoyj6ZcygzAvp02Lsq79-gOk9JhBA=w544-h544-l90-rj
S-kzFDhaMQ4,Tension,https://s320.djpunjab.is/data/320/44172/290041/Tension - Nijjar.mp3,https://lh3.googleusercontent.com/vYJ52N6D6UbC8gRrdheAPLvgLWY3FUpgQo5r93NfRSFxpF65mbxnpSxNrBPrH92bxcY_r8rbtpZhcqTOpg=w544-h544-l90-rj
z_tcEfbCWWQ,SPACESHIP,https://s320.djpunjab.is/data/320/50930/298717/Spaceship - AP Dhillon.mp3,https://lh3.googleusercontent.com/ciA_XfgFe6uevhFb3AimcHHFbXZBD6sV9Vj3tTgjNcNwXsdozzE9ESOMUJD9LVke8DA9KWqEwQSEwvIk=w544-h544-l90-rj
-S0trceJfk8,Maybach,https://s320.djpunjab.is/data/320/44111/289970/Maybach - J Swag.mp3,https://lh3.googleusercontent.com/H20iH94oiewe4XOetNkRJR6d0ZfhPU8DkvO0tOPQTwi5WQiifigr9Zu1P7-UORNg5_bD_EsuLeewolP1=w544-h544-l90-rj
ZxNxyi9wMo4,Ma Belle,https://s320.djpunjab.is/data/320/50418/298096/Ma Belle - AP Dhillon.mp3,https://lh3.googleusercontent.com/t7TPtomWD-_CCuOgeOf2Kq5jvg1p5Ujv-ogANeOP_bwJNfMJloMj5lWVvH_37i6fgakxhcuOe7WXYIfu=w544-h544-l90-rj
5UX1UuKgQ7Q,Water,https://s320.djpunjab.is/data/320/44060/289904/Water - J Lucky.mp3,https://lh3.googleusercontent.com/Vn7QmGQy1jZc8a6Op28mKogIBdCPZfpFFEM18H_tKQ90CieOPpwaYIaBXz5BxjtwHH-bfqbOiL3j7EQ=w544-h544-l90-rj
tKBHQgNBZfg,Blonde Baal,https://s320.djpunjab.is/data/320/44037/289876/Blonde Baal - Joti Dhillon.mp3,https://lh3.googleusercontent.com/Pc94_maYOqGY8J4zCegZYj712oNZoNnUsUMQNIdgamWFlhHpNdULmOYoDeUtyz8EKFfWJ5Rku3kvEE2mfw=w544-h544-l90-rj
aq5BWgZwT-w,AGAINST ALL ODDS,https://s320.djpunjab.is/data/320/50925/298712/Against All Odds - AP Dhillon.mp3,https://lh3.googleusercontent.com/ciA_XfgFe6uevhFb3AimcHHFbXZBD6sV9Vj3tTgjNcNwXsdozzE9ESOMUJD9LVke8DA9KWqEwQSEwvIk=w544-h544-l90-rj
xvSUHL5Jcus,Priority,https://s320.djpunjab.is/data/320/44013/289845/Priority - Deep Kalsi.mp3,https://lh3.googleusercontent.com/MCxKzz2Iyx3RIrckedsDReKU68gNUVlmfioWKFzejLm5qY1bl1BhlTiQRarRs6v6rk6vH5gfq3fHsZA=w544-h544-l90-rj
wjQik_Cr3Uo,Vaaj,https://s320.djpunjab.is/data/320/43899/289689/Vaaj - Kanwar Grewal.mp3,https://lh3.googleusercontent.com/lOFdB7aHvzheXu_-MVTMEZQdos2sufIvDpxI4FmIePVkndDJZoxHlJHU80qnpbEJbUgpcPSlZ3re9juMpg=w544-h544-l90-rj
FM2ykrYbzqg,Brown Munde,https://p320.djpunjab.is/data/320/49445/296997/Munde Pendu - AP Dhillon.mp3,https://lh3.googleusercontent.com/YTBCHTjI5MrB9HFTDisDJmjMFdKyrq0ZNahCImeA-lkwARod4UdgdfH95z3bhJa6ObMIvz1Nksm_Dy4=w544-h544-l90-rj
YPr6a0vHAUg,Enough,https://s320.djpunjab.is/data/320/43877/289668/Enough - Gulab Sidhu.mp3,https://lh3.googleusercontent.com/LBFgkUjrmdZQ1pxdykhlB5gTAxFXzx4v6SYzqoB1nt32DDBvLnSaOMyY4x8kumh1SHC5h0wz1GkvwEY1=w544-h544-l90-rj
wUgG6X-wDrU,#Squadgoals,https://s320.djpunjab.is/data/320/43698/289397/Squadgoals - ATG Gucci.mp3,https://lh3.googleusercontent.com/_0jcyaeCM1dl_9q5nNn1wiliUSP9Y-hRm-gFCpVUTEpa2bzcHRZqGc32JYTTC8Vh_p4q4zJ3Uyy-EH0=w544-h544-l90-rj
DsJTRt39pq4,Problems Over Peace,https://s320.djpunjab.is/data/320/55330/304265/Problems Over Peace - AP Dhillon.mp3,https://lh3.googleusercontent.com/jv4qJBc5HIlcDdEP02WJ9EfylwmKNJzJsv4sF30VsmwMBOIOyvrV_X_UESzlfVNUdi_RYW1YSpeclKOehg=w544-h544-l90-rj
wNGcVTJsulk,Stand,https://s320.djpunjab.is/data/320/43608/289264/Stand - Lavi Jandali.mp3,https://lh3.googleusercontent.com/Ew8w1Ghd66x8gXLLmUkNHOu5MwI_-8tcq8JLtXK_JHQqqdYtH1fPRWsunatP32vtSmaOY3wVgmhloZ6S=w544-h544-l90-rj
x7CQk79BQTE,Hustlin',https://s320.djpunjab.is/data/320/55219/304051/Hustling - AP Dhillon.mp3,https://lh3.googleusercontent.com/UxVCJo_XWqPcadOx2tm5bPrAMyG5v13Yg0DpJD7XuWjbMIVRzmSZHLOs7vMCnbyR5vfyWU7L7TiObO8=w544-h544-l90-rj
53Psh57W4y8,Brownprint,https://p320.djpunjab.is/data/320/56130/305341/Brownprint - AP Dhillon.mp3,https://lh3.googleusercontent.com/-ClzbKxf8KyX2-b3ljMW_NKe0qTdFf-i7fYtF-X56s7DllvwpGrMd7-jtAkXtuuTY0K4J4P_7mDq2DQSYg=w544-h544-l90-rj
ssbjXsEo5jk,Losing Myself (feat. Gunna),https://p320.djpunjab.is/data/320/56130/305345/Losing Myself - AP Dhillon.mp3,https://lh3.googleusercontent.com/-ClzbKxf8KyX2-b3ljMW_NKe0qTdFf-i7fYtF-X56s7DllvwpGrMd7-jtAkXtuuTY0K4J4P_7mDq2DQSYg=w544-h544-l90-rj
RGgVisH16m0,Unity (feat. Bohemia),https://s320.djpunjab.is/data/320/43541/289149/Unity - Karan Aujla.mp3,https://lh3.googleusercontent.com/Dd-KqeCPRR_3PHlyPnClC92V13mnT1ya5_HD-mudPma8IhMgcSrSHSAZZh0AoOLxejYsGUsD4_Z1snYjQg=w544-h544-l90-rj
DTofwAAKsd0,GALLAN,https://s320.djpunjab.is/data/320/55543/304560/GALLAN - AP Dhillon.mp3,https://lh3.googleusercontent.com/vGXRmze7uqZ4cKt2ZF59imsehZVdCNauW3mE3fAloMRu_Y2oKCr1IUgxWMdxtMRE9dc2jB_rGWwxXMw3Gw=w544-h544-l90-rj
05W8u84ayis,Questions,https://s320.djpunjab.is/data/320/43496/289098/Questions - Bal E Lasara.mp3,https://lh3.googleusercontent.com/mjjAk4HCvImATO33q9maXN9mQFzAArMZd49Ajlxz8lRzet1kSZVwPty4I27FKnY6_ONR4RCmVavjHx2t=w544-h544-l90-rj
7xzZhyURjdI,Sleepless,https://s320.djpunjab.is/data/320/54028/302361/Sleepless - AP Dhillon.mp3,https://lh3.googleusercontent.com/UnVfQfslFpPo8lsWo6deKarzpxcduZLMzSOzaLlIu0e_q6k9GinlR_3v8859t6Wiw4PCrCBmhL5K73s=w544-h544-l90-rj
wScs3JNn8Lg,With You,https://s320.djpunjab.is/data/320/54142/302504/With You - AP Dhillon.mp3,https://lh3.googleusercontent.com/M9INXhYwd81KszitvO9SsFJayopHXS_7ojWdQWrsAqiicW-KemjzlHdwFlRNNhp0iQ_LjQ108tAoIkU=w544-h544-l90-rj
0QS88Pj50Ag,Underestimate,https://s320.djpunjab.is/data/320/43158/288639/Underestimate - Geeta Zaildar.mp3,https://lh3.googleusercontent.com/qv4IRI0ZNdXM33McYWcURLNGU807TUHcg22QWJXu5n09m_RXEJM3TcwnrfmTS76fJB6MuDmL8U-Jf7kH=w544-h544-l90-rj
JlZl7IeYzn0,Tru Talk,https://s320.djpunjab.is/data/320/42945/288358/Tru Talk - Jassi Gill.mp3,https://lh3.googleusercontent.com/xP7Ak224hl1tFuyzIeVsmJpGklJXe1rJmohUG9WnxrUG8VkkcshqQAsJDrryfeyz6gpHzRHWzYCKHWTxrw=w544-h544-l90-rj
COatCg74F70,Thodi Si Daaru,https://s320.djpunjab.is/data/320/57815/307900/Thodi Si Daaru - AP Dhillon.mp3,https://lh3.googleusercontent.com/m8VUib4FJtqusByFo4SwMZn7BW9urZNryDpIjtpz-JNtbdFhUXsbuemlURnaHuuOyeVVCt59uqjzyuMY=w544-h544-l90-rj
cKANEKM6H_U,90 Di Bandook,https://s320.djpunjab.is/data/320/42882/288284/90 Di Bandook - Jazzy B.mp3,https://lh3.googleusercontent.com/8xoP_p7fFQ1FK4PEIElH7o4okDCn8nGlZcFErhP7UT8TQP7LyiUS4opBszbdDoA_W11RDPUgQ8mFZ5E=w544-h544-l90-rj
Km07GBS8myc,True Stories,https://s320.djpunjab.is/data/320/53918/302191/True Stories - AP Dhillon.mp3,https://lh3.googleusercontent.com/1xmgk0vMZK61a8tPoHv5YAJo5Hf-tt0MHwMcJpPTZHW4AJwm7dnzwGi7fJOcSzqs8ju99P90fn1xkIk=w544-h544-l90-rj
01haMDdy3YQ,Property of Punjab,https://s320.djpunjab.is/data/320/42839/288222/Property Of Punjab - Karan Aujla.mp3,https://lh3.googleusercontent.com/ERcg_RnhPbyw1J1Pwbuz7uCkB-SYStNt9rcMLsZiVi31Rc7sazEjgzMyvZGP7IyGx_GVj6y7tdM92aAtwA=w544-h544-l90-rj
74u3q-DtDGY,Sweet Flower,https://p320.djpunjab.is/data/320/56130/305348/Sweet Flower - AP Dhillon.mp3,https://lh3.googleusercontent.com/-ClzbKxf8KyX2-b3ljMW_NKe0qTdFf-i7fYtF-X56s7DllvwpGrMd7-jtAkXtuuTY0K4J4P_7mDq2DQSYg=w544-h544-l90-rj
Mdda5L6f7GU,Yaarian Ch Fikk,https://s320.djpunjab.is/data/320/42761/288126/Yaarian Ch Fikk 2 - Karan Aujla.mp3,https://lh3.googleusercontent.com/ig0TTIbWELr77MPfS5c14UojHaBIIjUtv4-WHCz1MGUkgBZv_qdeEIqxstJoP6_Gk0r35pOy3KKFStb8zA=w544-h544-l90-rj
yUpUOfAhXSg,To Be Continued… (Bonus Track),https://p320.djpunjab.is/data/320/56130/305347/To Be Continued… (Bonus Track) - AP Dhillon.mp3,https://lh3.googleusercontent.com/-ClzbKxf8KyX2-b3ljMW_NKe0qTdFf-i7fYtF-X56s7DllvwpGrMd7-jtAkXtuuTY0K4J4P_7mDq2DQSYg=w544-h544-l90-rj
CFflMCiz1bM,Approach,https://s320.djpunjab.is/data/320/42754/288118/Approach - Jovan Dhillon.mp3,https://lh3.googleusercontent.com/_KG5GrnJf2ARwm-sKAlHokXDED-IpRJ_DTtWvG-5d7StxXne_g8il8lkpKOmEejJcFIr0GVzGzz9yM9kBQ=w544-h544-l90-rj
3qMmkDhT7rQ,OKAY,https://s320.djpunjab.is/data/320/57416/307299/OKAY - AP Dhillon.mp3,https://lh3.googleusercontent.com/rQ03ZrXI0x2yViU373rmZ3lazddK9k6awOjtRdmzBwpTgn2pnQ6UvEI2GuBMpCFeXC1UhDHjp6X_8fsB=w544-h544-l90-rj
FfOwqhckUH8,STFU,https://s320.djpunjab.is/data/320/57415/307298/STFU - AP Dhillon.mp3,https://lh3.googleusercontent.com/rQ03ZrXI0x2yViU373rmZ3lazddK9k6awOjtRdmzBwpTgn2pnQ6UvEI2GuBMpCFeXC1UhDHjp6X_8fsB=w544-h544-l90-rj
7Uo0RijdZZo,Gun Shot,https://s320.djpunjab.is/data/320/42478/287696/Gun Shot - Karan Aujla.mp3,https://lh3.googleusercontent.com/gAxS44_26tw_n2kxZW0Q_HBLqy_fhaWt0iztzb5ghkHXD1WmMU9pK15zSDajmeVW5qidbHf59DvYPL6w=w544-h544-l90-rj
-3KT1f7WZIo,Afsos,https://s320.djpunjab.is/data/320/56940/306570/Afsos - Anuv Jain.mp3,https://lh3.googleusercontent.com/RtrisEbMpw0qvN904DsYH4vOMyqHrwPoVlRM_tUcZL0OLqHs_IwPb-F6N_YlBqsqHGfCZdDL-o-99jsl=w544-h544-l90-rj
jokzzd5dt7w,315,https://p320.djpunjab.is/data/320/56130/305344/315 - AP Dhillon.mp3,https://lh3.googleusercontent.com/-ClzbKxf8KyX2-b3ljMW_NKe0qTdFf-i7fYtF-X56s7DllvwpGrMd7-jtAkXtuuTY0K4J4P_7mDq2DQSYg=w544-h544-l90-rj
KYEYboiuPZc,After Midnight,https://p320.djpunjab.is/data/320/56130/305346/After Midnight - AP Dhillon.mp3,https://lh3.googleusercontent.com/-ClzbKxf8KyX2-b3ljMW_NKe0qTdFf-i7fYtF-X56s7DllvwpGrMd7-jtAkXtuuTY0K4J4P_7mDq2DQSYg=w544-h544-l90-rj
t6HCdRkwEI8,Lafaafe (Hindi),https://s320.djpunjab.is/data/320/42128/287149/Lafaafe - Karan Aujla.mp3,https://lh3.googleusercontent.com/l7-t-a6fBfoSOIyUSvI4DDCoR3a0B9hoYoVxbBYvh6M4G0jVvKn9GPg2aGy3gkyh1vaOobUy_mUY8Q70=w544-h544-l90-rj
6DQ33QBUym0,Yaad Aati Hai,https://s320.djpunjab.is/data/320/53524/301740/Yaad Aati Hai - Harrdy Sandhu.mp3,https://lh3.googleusercontent.com/nX0faq1FInXisvXKvLpAXvVKjzx_Wpw42BQHGdjDfnr5e-XKFqZ2LOIxus6lsjLgzz828sy63NIJ-xA=w544-h544-l90-rj
66UpsZSUsfo,Bora Bora,https://p320.djpunjab.is/data/320/56130/305343/Bora Bora - AP Dhillon.mp3,https://lh3.googleusercontent.com/-ClzbKxf8KyX2-b3ljMW_NKe0qTdFf-i7fYtF-X56s7DllvwpGrMd7-jtAkXtuuTY0K4J4P_7mDq2DQSYg=w544-h544-l90-rj
voFhlwj8ITs,Titliaan (feat. Harrdy Sandhu & Sargun Mehta),https://s320.djpunjab.is/data/320/49546/297109/Titliaan Warga - Harrdy Sandhu.mp3,https://lh3.googleusercontent.com/uXJcQrhwlSTwi0Ftzs-8GQlWC04xQe4fVMkP-sW0YXsEG62vq1iU6BCVITWbE8H-3SsU5w21Lqf-p4ud=w544-h544-l90-rj
0iZZOaKnqEc,Distance,https://p320.djpunjab.is/data/320/56130/305342/Distance - AP Dhillon.mp3,https://lh3.googleusercontent.com/-ClzbKxf8KyX2-b3ljMW_NKe0qTdFf-i7fYtF-X56s7DllvwpGrMd7-jtAkXtuuTY0K4J4P_7mDq2DQSYg=w544-h544-l90-rj
P0-WSebR3as,Scratch,https://s320.djpunjab.is/data/320/41633/286435/Scratch - Gursewak Dhillon.mp3,https://lh3.googleusercontent.com/0uruff_TqeSWCAFEQF7oZx2vQBvQMSqoW6HTo5vbTsLRvdNcMxM0FOmraRc1fUH3V-SLs6nF-DQiIVlCDw=w544-h544-l90-rj
5wuEyC2YPtQ,Old Money,https://p320.djpunjab.is/data/320/56130/305349/Old Money - AP Dhillon.mp3,https://lh3.googleusercontent.com/Rrf_YTGvEGNoK8XEJCzFlpBDLfRPUj0DO2jDjoOQcBDH8VJF5FB6cPBE_GZE4ztt8Se_LTKb1-oIQGbT=w544-h544-l90-rj
SDnvF-dqfK0,6 Bandeh,https://s320.djpunjab.is/data/320/41607/286399/6 Bandeh - Karan Aujla.mp3,https://lh3.googleusercontent.com/eAZdP5SkuD28md-9GLi07lj3-1lgXSwOD-I2Oii2hMj7g9ka8_VMR077enSB-8WiNcVNSt9WlgQHLbs=w544-h544-l90-rj
1iuBPrvi-Dk,Golgappe vs Daru,https://s320.djpunjab.is/data/320/41279/285892/Golgappe Vs Daaru - Karan Aujla.mp3,https://lh3.googleusercontent.com/zcKh93S-Yjx44HcDBZHBcnvzSkpVEzIkZqmbovZmH9fVHIb1V5Rv34KDD6l7IfooELb9vl4Wawdxpjc=w544-h544-l90-rj
qPOAtt7m8o4,Tere Bina (Reprise),https://p320.djpunjab.is/data/320/39349/282836/Tere Bina (Reprise) - Harrdy Sandhu.mp3,https://lh3.googleusercontent.com/gBlz5iAI5AhlEXwLQ930e5ux9YRyMay_MrZLQ_OAKG6CpBzrQASOsveoFWFmH5aMopOQEa6ixWPTs_yo=w544-h544-l90-rj
d5rj-uMKxy0,Tu Na Jaane - Male Version,https://p320.djpunjab.is/data/320/44369/290338/Tu Na Jaane (Male Version) - Harrdy Sandhu.mp3,https://lh3.googleusercontent.com/hS-3Z5jW_5DEb9_oUyv8QuTo7YHcxUFET4nK9j0HyCxyxySLET65xlkk2jBkiECLbVHnG2lfHcf3KmEK=w544-h544-l90-rj
ccRFbcSpCeE,Real Talk,https://s320.djpunjab.is/data/320/55212/304044/REAL TALK - AP Dhillon.mp3,https://lh3.googleusercontent.com/KO-n-BJqCtLAQBpJdmiYG3fzpZ6EYOXtQEWGDWqwZknjxlaQCYHNFdCQrBGIOEelhJMktnAk7mbIFRkviA=w544-h544-l90-rj
p4gw78nGsWg,Shit Talk,https://s320.djpunjab.is/data/320/40859/285270/Shit Talk - Karan Aujla.mp3,https://lh3.googleusercontent.com/f4RCE8aoEecoGyuZ9U5imWuCEUGGu-RsJ40rG2r1ly0jzQSgd56clSdIstJy3HKf08kgWoVJ2MudK4CP=w544-h544-l90-rj
VRGJ6_MU7ug,Blonde Nachdi,https://p320.djpunjab.is/data/320/39349/282839/Blonde Nachdi - Harrdy Sandhu.mp3,https://lh3.googleusercontent.com/gBlz5iAI5AhlEXwLQ930e5ux9YRyMay_MrZLQ_OAKG6CpBzrQASOsveoFWFmH5aMopOQEa6ixWPTs_yo=w544-h544-l90-rj
3wVW4jApCUk,Gunda Touch,https://s320.djpunjab.is/data/320/40239/284315/Gunda Touch (Yea Babby) - Elly Mangat.mp3,https://lh3.googleusercontent.com/9FurC58lIKmnuLExWwl9YaVl9JWKKirlF8OTBZ48fOPNRac3XtKAO1scmCBXoNCdVISxmTzPgOjnpytsUA=w544-h544-l90-rj
7rKIkngJFmA,Original Gangland (feat. Karan Aujla),https://s320.djpunjab.is/data/320/40161/284200/Orignal Gangland - Elly Mangat.mp3,https://lh3.googleusercontent.com/9FurC58lIKmnuLExWwl9YaVl9JWKKirlF8OTBZ48fOPNRac3XtKAO1scmCBXoNCdVISxmTzPgOjnpytsUA=w544-h544-l90-rj
sr025iZz1Fk,Noor (feat. Shehnaaz Kaur Gill),https://s320.djpunjab.is/data/320/57417/307300/Noor - Harrdy Sandhu.mp3,https://lh3.googleusercontent.com/OvxR6NgRO9AMwrH7GnqQqXy8pYroYH1K3hgSP7x25TaJP8ekkx9lSUezWPmKgNqi3GA4820hpVtVnsmrrw=w544-h544-l90-rj
KAhKkjfikNE,Dark Circle,https://s320.djpunjab.is/data/320/40156/284195/Dark Circle - Karan Aujla.mp3,https://lh3.googleusercontent.com/X5zxSDhZShpDrHG9b8ylosC40xkO18lNwOI-Vv4Qftqo_yU_MQlWLivwAFEV6vtpVsmbOVjZZrjHxVvkAA=w544-h544-l90-rj
L_uWkpsYHzQ,Baby,https://s320.djpunjab.is/data/320/57206/306973/Baby - Harrdy Sandhu.mp3,https://lh3.googleusercontent.com/NDyz4RSpv-oT5_-lMbq3NPVzyK16cAYQx7p_A6aeyXNg1FB3fCDzEEgxjDh5xujKueBaWtcQtuukjfGU=w544-h544-l90-rj
TCm21VDqhZ8,Alcohol (feat. Karan Aujla),https://s320.djpunjab.is/data/320/40096/284099/Alcohol - Elly Mangat.mp3,https://lh3.googleusercontent.com/oVLvahAyYiLfW4pQxCYN1niY2Yk8AxBx7V5H5xFgNzeUhDF-S-VmsbRXkyYUfkZbOeMPTppO7HVgggcy=w544-h544-l90-rj
tN0ZaFituwU,Gal Meri,https://p320.djpunjab.is/data/320/54025/302355/Gal Meri - Harrdy Sandhu.mp3,https://lh3.googleusercontent.com/e_oEa9vw-rSSvuqrAO7TOwauB6YdwBpmxQQ-jxugA4u1AM7JhX8uYZ4Zx39_ukoZ0v5Xt4zZ4sDUr-Hq=w544-h544-l90-rj
e38fh93Nbe4,Psycho,https://p320.djpunjab.is/data/320/54025/302354/Psycho - Harrdy Sandhu.mp3,https://lh3.googleusercontent.com/e_oEa9vw-rSSvuqrAO7TOwauB6YdwBpmxQQ-jxugA4u1AM7JhX8uYZ4Zx39_ukoZ0v5Xt4zZ4sDUr-Hq=w544-h544-l90-rj
vvVWPNhfKkY,Love Hate,https://p320.djpunjab.is/data/320/54025/302357/Love Hate - Harrdy Sandhu.mp3,https://lh3.googleusercontent.com/e_oEa9vw-rSSvuqrAO7TOwauB6YdwBpmxQQ-jxugA4u1AM7JhX8uYZ4Zx39_ukoZ0v5Xt4zZ4sDUr-Hq=w544-h544-l90-rj
MLAND8VjgpY,Bhang (Weed),https://s320.djpunjab.is/data/320/39697/283458/Weed - Karan Aujla.mp3,https://lh3.googleusercontent.com/I_UBFxs3umFOqTw19xqm8Zttw5xzRT4nPDIGjEfroDwegfx43JDS0sNAyHqmK9BB04zzpIJ4Ps3_GFlS=w544-h544-l90-rj
MwqA4Xv0CWg,What is Love?,https://p320.djpunjab.is/data/320/54025/302358/What Is Love - Harrdy Sandhu.mp3,https://lh3.googleusercontent.com/e_oEa9vw-rSSvuqrAO7TOwauB6YdwBpmxQQ-jxugA4u1AM7JhX8uYZ4Zx39_ukoZ0v5Xt4zZ4sDUr-Hq=w544-h544-l90-rj
GfbL122PTmE,Gangster Scene,https://s320.djpunjab.is/data/320/39672/283416/Gangster Scene - Gursewak Dhillon.mp3,https://lh3.googleusercontent.com/w21bKIh6AilInMB6AQkSTwxEnicHDBo0tZEVpsvLYzc9GbuitDj9tdnRsd6eHHH_RxRwnB9VOID2ybmi3w=w544-h544-l90-rj
UZf4dkjZ6gk,Tu Ru Ruu,https://s320.djpunjab.is/data/320/56697/306254/Tu Ru Ruu - Harrdy Sandhu.mp3,https://lh3.googleusercontent.com/274DwjgNOafFMkcLc2FmmqXp7iUNtT3O-aT3kyOiSlaVhTL-_9xe-ZF-SQE9nhTnZepeY7xADXiTn86L=w544-h544-l90-rj
LY3tkUp__tc,"Bathinda To Miami (feat. Deep Jandu, Gangis Khan) (feat. Deep Jandu & Gangis Khan)",https://s320.djpunjab.is/data/320/39569/283246/Bathinda To Miami - Paul G.mp3,https://lh3.googleusercontent.com/ZoJxLQ3FG8eFy7WynVMuB_XRH5H-ETg8HI1SGMyPJ9EVYzDxZi0u7OZM3TPh5qogFZprjjk_CzpGxVE=w544-h544-l90-rj
njRG1YFOJKI,If You Want,https://p320.djpunjab.is/data/320/54025/302356/If You Want - Harrdy Sandhu.mp3,https://lh3.googleusercontent.com/e_oEa9vw-rSSvuqrAO7TOwauB6YdwBpmxQQ-jxugA4u1AM7JhX8uYZ4Zx39_ukoZ0v5Xt4zZ4sDUr-Hq=w544-h544-l90-rj
dGnQXHTjWn4,Koka Gaani,https://p320.djpunjab.is/data/320/38347/280964/Golden Gaani - Jups.mp3,https://lh3.googleusercontent.com/xB0zdEsVz-SRT_fxMTEAxkqsTwNoQlAKfTt9GPoFkmh9z_Mzi8B_gfEvjMfMUnPNlcZVRt1u9XjDCUmL9g=w544-h544-l90-rj
qjSGHnvBKjk,Alone,https://s320.djpunjab.is/data/320/53243/301423/Alone - Guru Randhawa.mp3,https://lh3.googleusercontent.com/213RwYfzShltk4SolyW3urjaGzevqWq4d4CIPJG7clzbdrNqixXoxgp_pYi27DgOfcRQNQA6ANans9DC=w544-h544-l90-rj
9xSqdBUFnAI,Kurri Majajan (feat. Romey Gill),https://p320.djpunjab.is/data/320/38347/280966/Kurri Majajan - Romey Gill.mp3,https://lh3.googleusercontent.com/uIynx5QSRg4XxgtZOoCSfMMWZ5CY3UB9mW0_LsE9LNPIpjsQigyfnsxzqeGanX7xjdKmG3k0pOnzmdw=w544-h544-l90-rj
2uK1EmOXdnA,Punjabiyan Di Dhee,https://s320.djpunjab.is/data/320/51544/299428/Punjabiyan Di Dhee - Guru Randhawa.mp3,https://lh3.googleusercontent.com/8R8avEfF0E4ESdtg4xUu-yeh4ZsRBjIkeVW8JnqrhQunlNwnvgSurjljZVGB0pzgSDTk5jrMDV-VAdI=w544-h544-l90-rj
q_rjvghD5I8,Mountain Peak,https://s320.djpunjab.is/data/320/53433/301635/Mountain Peak - Guru Randhawa.mp3,https://lh3.googleusercontent.com/-HannsHD6j0ZFB2IWdiwSAvs8O2mq9cgd15lcQ_J9xmoCh9JyLCJDNhlum3yvaLW0URTW8vdCFuxu7l5=w544-h544-l90-rj
v_LJcmPYGoM,Soch (feat. Karan Aujla),https://p320.djpunjab.is/data/320/38347/280970/Soch - Intense.mp3,https://lh3.googleusercontent.com/uIynx5QSRg4XxgtZOoCSfMMWZ5CY3UB9mW0_LsE9LNPIpjsQigyfnsxzqeGanX7xjdKmG3k0pOnzmdw=w544-h544-l90-rj
O8k4petgW6k,Black,https://s320.djpunjab.is/data/320/47035/294098/Black - Guru Randhawa.mp3,https://lh3.googleusercontent.com/nm-kqz6y7385IhHwLUdNgm3hdjUy-A1nEy8FMP5TcrpR5w0t6MCn0tUsf5sNKAnpZ6djGtSbCnI-rEUp=w544-h544-l90-rj
C8x9yBcxOJ8,Tere Te,https://s320.djpunjab.is/data/320/44094/289945/Tere Te - Guru Randhawa.mp3,https://lh3.googleusercontent.com/V1dTbaQJoVIseqH5nHjIENp1NbllosIksnBHe5h9X2HksUsR_MHc92vOMSvjuYVuTCGzOIzu5Z9Wryzk=w544-h544-l90-rj
x7eXLWetwLs,Designer (feat. Divya Khosla Kumar),https://s320.djpunjab.is/data/320/51940/299874/Designer - Guru Randhawa.mp3,https://lh3.googleusercontent.com/2NSt4ZLbS0BLF6s9HJUcUVkxK3MyvzhHnHUfupc3KSzvDO-Hw9U7cTXdtr1gnKdcBvEYzubaPg8oMtsp=w544-h544-l90-rj
YkJbHQdwF84,JIMIDAAR JATTIAN,https://s320.djpunjab.is/data/320/36933/278363/Jimidaar Jattian - Gagan Kokri.mp3,https://lh3.googleusercontent.com/XeAkfHvBAZnCmJlI793mOg91mlev7tpFiMmN4oucwKQgwBr4cbz_akP-OYSijJQ3picSijI3BZRzVSU=w544-h544-l90-rj
RmiMGHr5B_o,Kalyug,https://s320.djpunjab.is/data/320/36366/277448/Kalyug - Sunny Sandhu.mp3,https://lh3.googleusercontent.com/0T0yz0irtoTIxnkAh9-udIixQKa-fkFCPFA-5T_YmK7YoIiXsvgt72F1_vj__vbdWcU0ebrt9sMy16yn=w544-h544-l90-rj
hOSlu2N-ZJc,Ishq Tera,https://s320.djpunjab.is/data/320/46326/293136/Ishq Tera - Guru Randhawa.mp3,https://lh3.googleusercontent.com/Nya9UW1Gr05WMFkdodUzyIK6dHhGOCFCQyRsxlRUCXR6pqV92sfw9NtgFtaTQR10KtWUrNRGgzoatnOC=w544-h544-l90-rj
08_y0rr7zzs,Downtown,https://s320.djpunjab.is/data/320/43774/289508/Downtown - Guru Randhawa.mp3,https://lh3.googleusercontent.com/CD8Ak5YZ7WrCgoUYrqrMCTsF-2pD1oijrDNog9aQ5XQ51hCpWEn666UytAdqdFWecBSPsuOZzqCxx7ojSw=w544-h544-l90-rj
Wu2XghJgn8c,Darr Nu Daraa (feat. Nooran Sisters & Lazer X),https://s320.djpunjab.is/data/320/53688/301914/Darr Nu Daraa - Guru Randhawa.mp3,https://lh3.googleusercontent.com/v8cvhiXrVNqiCuPa1K7TLtE6p9WzwtlQdQkBgg_TnXaY9gUXsFAh6a6FrYypNhbb4pblVyX_Wgd7Q4O1Bg=w544-h544-l90-rj
bxSO47rrA4k,"Ae Jo Silli Silli-Narazgi (From ""T-Series Mixtape Punjabi"")",https://p320.djpunjab.is/data/320/41858/286735/Ae Jo Silli Silli-Narazgi - Hans Raj Hans.mp3,https://lh3.googleusercontent.com/kg1_buA6YYxlWBuyeczf5lmAX_IX-9lLIItGgaAfliFpAtiI1wM5eGT7AlFySZxQ4SGsI7OxpA5GfySM=w544-h544-l90-rj
SnAuVvUWEDk,Ik Gera,https://s320.djpunjab.is/data/320/46555/293467/Ik Gera (Tara Mira) - Guru Randhawa.mp3,https://lh3.googleusercontent.com/V7QNgvy3Jnujx73CM6YU2W5_JwR5kDo8C-mj9iK1MJl6PFsayGMhnHHmeZA-TeR-OpcxcNiYMx0oV2MzAg=w544-h544-l90-rj
iYLrA4pNBhw,HORNN BLOW,https://p320.djpunjab.is/data/320/41858/286743/Car Nachdi-Hornn Blow - Gippy Grewal.mp3,https://lh3.googleusercontent.com/3Aacl_2H6-zzd6s610hZNg8DJ3CMYjY0GqEYwsTcuA1TxIQrAxdIabHSUTycqojMf_FZ3hoMIyzUFEe1=w544-h544-l90-rj
BM1rEjw9LdI,"Suit Suit (From ""Hindi Medium"") (feat. Arjun)",https://p320.djpunjab.is/data/320/41548/286269/Suit Suit (feat. Arjun)  - Guru Randhawa.mp3,https://lh3.googleusercontent.com/aRcMn07BQwrnnbrB7NX4BEpCKHqq-goWOLoy5U63jA9ntpUdkwoXLwbTybLY3jLTmQq7Y9uFBXUwfOTw=w544-h544-l90-rj
tJGDVWYLdFY,Challa-Ni Main Kamli,https://p320.djpunjab.is/data/320/41858/286742/Challa-Ni Main Kamli - Hans Raj Hans.mp3,https://lh3.googleusercontent.com/h9bfbk45dRXIBOpDMR4ZqrkG8_SzNPJtlblvHxeN8jjPgWKMZyAw7YTRX6ju3JV2-lqa3k28-Ijt0omkug=w544-h544-l90-rj
zHIikZaXIXE,Aaja Ni Aaja,https://s320.djpunjab.is/data/320/42966/288380/Aaja Ni Aaja (Mar Gaye Oye Loko) - Guru Randhawa.mp3,https://lh3.googleusercontent.com/_vy_gLPC5jtHItJkMnHB53jOa6ey15SHPbxJPJnxI4sHyeafIFYPNr18T_n7tVd7As2gbzdUwNrod8p6=w544-h544-l90-rj
95YGvL1u-1U,"Dil Taan Pagal-Je Tu Na (From ""T-Series Mixtape Punjabi"")",https://p320.djpunjab.is/data/320/41858/286746/Dil Taan Pagal-Je Tu Na - Akhil Sachdeva.mp3,https://lh3.googleusercontent.com/2Jx0bjgNpVJNTM3dWVeb1tDlJG4te9UkIlb-G5MvVvCtMgu2CAFPcPeast-l7hPQlgQkyH7pDAqfBpw=w544-h544-l90-rj
r-vK4aM2Vnw,High Rated Gabru,https://p320.djpunjab.is/data/320/41068/285600/High Rated Gabru - Guru Randhawa.mp3,https://lh3.googleusercontent.com/GKzCBcbrUtJgPHPPL6Zg1uLEpqYzEZiKKajzlwLlIyKbtShVdvS1SfuOXpk1m5nRm6-gMWRSEZRR2rFAuA=w544-h544-l90-rj
U2R1opWVi7o,YAAR MOD DO,https://p320.djpunjab.is/data/320/43141/288602/Yaar Mod Do - Guru Randhawa.mp3,https://lh3.googleusercontent.com/7EQc-8hyhd2oL3yLLOQ6FN3n0_mqg1OwCUVzLNe_FTHrXq9Z3Tgx47S_UXJ2-A8GNIBdShsjxwvzLb-6KQ=w544-h544-l90-rj
897MwQfciVQ,"Kudiyan Shehar Diyan-Na Na Na Re (From ""T-Series Mixtape Punjabi"")",https://p320.djpunjab.is/data/320/41858/286741/Kudiyan Shehar Diyan-Na Na Na Re - Daler Mehndi.mp3,https://lh3.googleusercontent.com/gVNmx_s-NNHfvaS_U0rf27B__u3mEEffoTFNHceo8pT-zANilIRtB1koMsU1RsicWzf1NoXqN_00-7I=w544-h544-l90-rj
7piYOsbNlvo,OUTFIT,https://s320.djpunjab.is/data/320/35937/276729/Outfit - Guru Randhawa.mp3,https://lh3.googleusercontent.com/NMsO2uXrTuo4-Kt4keDtP3nL_N7MH_GszQHeqaJlXZJ25d3qvY1D6P_EQl9NSyo5MUX5QQlz6w1FXAc=w544-h544-l90-rj
ZeGGGbLgmII,"Layi Vi Na Gayi-Sadde Naal Yaariyan (From ""T-Series Mixtape Punjabi"")",https://p320.djpunjab.is/data/320/41858/286744/Layi Vi Na Gayi-Sadde Naal Yaariyan - Jashan Singh.mp3,https://lh3.googleusercontent.com/lQmQdl3-JsjyqjLKQoH-f1crUgDo1_faR3UveIu-cJp-ccf79UTNW6Vj2bOd-lNKCKE6lMMHHt1wKBdaiQ=w544-h544-l90-rj
Mbz8Gox1YJk,Ishare Tere,https://s320.djpunjab.is/data/320/43007/288427/Ishare Tere - Guru Randhawa.mp3,https://lh3.googleusercontent.com/bRHk48zvXAst0-4DQ4D3gmTOWCVwMCIdb44HsjjKAkWE9oxraOhM0acyW1RooB-ULWvn8NsBFx5BgHW-=w544-h544-l90-rj
xCNnMPpjEAc,"Marjaani-Lovely (From ""T-Series Mixtape Punjabi"")",https://p320.djpunjab.is/data/320/41858/286740/Marjaani-Lovely - Sukhwinder Singh.mp3,https://lh3.googleusercontent.com/qgKdWI2JNEIuSYkUYqadhBr7uwJwlvJc7BHbZVAs4EjJWQa8TXEX819zcvX21rFedI4MGjHyC0Ja9RQ=w544-h544-l90-rj
DfbE1N0ziNY,"Mauja Hi Mauja-Saj Dhaj Ke (From ""T-Series Mixtape Punjabi"")",https://p320.djpunjab.is/data/320/41858/286745/Mauja Hi Mauja-Saj Dhaj Ke - Mika Singh.mp3,https://lh3.googleusercontent.com/Dr2HZ8kUfMOORg_V0wt5cCdGTzfy91VOLMMJF02KDzyok19Lyf4CZXuCbK4d-Jfrx7L09wxAEoS7-gM=w544-h544-l90-rj
gildVCxDMcE,"Suit Suit Remix [Remix By Dj Chetas,Dj Lijo] (feat. Arjun)",https://s320.djpunjab.is/data/320/41201/285794/Suit Suit Remix - Guru Randhawa.mp3,https://lh3.googleusercontent.com/irR6k6A_0aBNMEU14PUiGCce6Kqpztkofc9jhT-Vrr5OMOqmUZJ4I2jfaVGpNJ2W8BK2jVxaE_o5q9g=w544-h544-l90-rj
HHx_25aKYNo,Rail Gaddi,https://p320.djpunjab.is/data/320/41858/286747/Saddi Galli-Rail Gaddi - Deep Money.mp3,https://lh3.googleusercontent.com/owu1kaJmFrIpw_cusLF2MxEY92J_H7bGEV2F3xeZITd5d99dPvrVwodAIZ5iR_T0sQOQvOeuIhiSH_LaPA=w544-h544-l90-rj
r480X_yM3zU,Baby Girl,https://s320.djpunjab.is/data/320/48985/296507/Baby Girl - Guru Randhawa.mp3,https://lh3.googleusercontent.com/UAHIX7ULqW4HOsoWbRNMBg-pyqmhPoh__MyBlXChBZ8nUlPlhMlNLWQPXcg8kEG9cRiSjOi4MkABy8o=w544-h544-l90-rj
-jUYZf31WKE,"Yaar Bolda-Mukhda Dekh Ke (From ""T-Series Mixtape Punjabi"")",https://p320.djpunjab.is/data/320/41858/286739/Yaar Bolda-Mukhda Dekh Ke - Surjit Bindrakhia.mp3,https://lh3.googleusercontent.com/_pvY1_ORBYLlbuKVGlajrkHqZ7-hFXVw4cAOleFMqvYZ4RYqoHxNZONXS7hKHVt7RTdQrAJUTu6tFglv=w544-h544-l90-rj
qwSIR2heGzw,Surma Surma,https://s320.djpunjab.is/data/320/47663/294955/Surma Surma - Guru Randhawa.mp3,https://lh3.googleusercontent.com/kxyuWYa66Hh4SESPLuE3xifqPhCnyXQlArQhk4ROCOnkg0bcz7p9Ru8oZ5Ypk4MdAnx_nmGVYMBGq5Q=w544-h544-l90-rj
yO7kCzBpMFA,Naach Meri Rani,https://s320.djpunjab.is/data/320/49061/296584/Naach Meri Rani - Guru Randhawa.mp3,https://lh3.googleusercontent.com/VE8rdUon8jzy1I00US7RWwHk51UfcbC1Nd8gp0LGOZF5kOhkNVQ31KFtsvmKZVFMbzoy7ni_RqqZ0CA=w544-h544-l90-rj
IPAdv8duujk,Slowly Slowly,https://s320.djpunjab.is/data/320/45179/291535/Slowly Slowly - Guru Randhawa.mp3,https://lh3.googleusercontent.com/ZgpfIKbGa1a776_PDEoVzWX0RKKR_WeISYi1IFG9rJuUsPBsOEIXbBDbGen9zPtPH7q9dJkupfpxdW5egw=w544-h544-l90-rj
yPGGuca9dyc,"High Rated Gabru (From ""Nawabzaade"")",https://s320.djpunjab.is/data/320/41045/285558/High Rated Gabru Remix - Guru Randhawa.mp3,https://lh3.googleusercontent.com/dbeZKtA2509qTbF7fF59jC0mFGjgdwH-0RmRYAQF3NORxYD6CKpUYmXF5pAU60MZamcfKAtdttXKlA3f=w544-h544-l90-rj
BFSXarHC__A,Mera Mahi Nri,https://p320.djpunjab.is/data/320/39349/282843/Mera Mahi NRI - Kailash Kher.mp3,https://lh3.googleusercontent.com/gBlz5iAI5AhlEXwLQ930e5ux9YRyMay_MrZLQ_OAKG6CpBzrQASOsveoFWFmH5aMopOQEa6ixWPTs_yo=w544-h544-l90-rj
Pa6jc4oOKBk,Vibe,https://s320.djpunjab.is/data/320/57474/307370/Vibe - Guru Randhawa.mp3,https://lh3.googleusercontent.com/sKwHYMJnA-CFSn-Rz907HO8maVaoY_1CDtS0W5b2o56WhUwJ7OXsPUMD6pt1PhKNtJPcSZ17G4jF7ApjEw=w544-h544-l90-rj
bMlHn-LCqlU,From Ages,https://p320.djpunjab.is/data/320/57221/307015/From Ages - Guru Randhawa.mp3,https://lh3.googleusercontent.com/ol9dqSKQMPPDelpJ4Kt5ay6oN8NYicQsZSeM-WpJdzpp8fWZ6Zv5lH1b2qZIdB9hZMCeuKsA4PEGErvp=w544-h544-l90-rj
Y83r_GpGTRo,Gallan Battan,https://p320.djpunjab.is/data/320/57221/307016/Gallan Battan - Guru Randhawa.mp3,https://lh3.googleusercontent.com/ol9dqSKQMPPDelpJ4Kt5ay6oN8NYicQsZSeM-WpJdzpp8fWZ6Zv5lH1b2qZIdB9hZMCeuKsA4PEGErvp=w544-h544-l90-rj
XTPpeDW4ebo,Intro,https://p320.djpunjab.is/data/320/57221/307009/Intro - Guru Randhawa.mp3,https://lh3.googleusercontent.com/uEskIurH9ttsw1eZgOhuX0ixfl7eqiWxCzPZ4xaSbupvbjDBDgcpL7vLDqoPHaGe-nqkFMsUaN13KvnN=w544-h544-l90-rj
9CQYrnn-Lv4,Jaaneman,https://p320.djpunjab.is/data/320/57221/307012/Jaaneman - Guru Randhawa.mp3,https://lh3.googleusercontent.com/ol9dqSKQMPPDelpJ4Kt5ay6oN8NYicQsZSeM-WpJdzpp8fWZ6Zv5lH1b2qZIdB9hZMCeuKsA4PEGErvp=w544-h544-l90-rj
jcr16o6yH2g,Kithe Vasde Ne,https://p320.djpunjab.is/data/320/57221/307014/Kithe Vasde Ne - Guru Randhawa.mp3,https://lh3.googleusercontent.com/ol9dqSKQMPPDelpJ4Kt5ay6oN8NYicQsZSeM-WpJdzpp8fWZ6Zv5lH1b2qZIdB9hZMCeuKsA4PEGErvp=w544-h544-l90-rj
ZC2m4L4XTsU,New Age,https://p320.djpunjab.is/data/320/57221/307011/New Age - Guru Randhawa.mp3,https://lh3.googleusercontent.com/ol9dqSKQMPPDelpJ4Kt5ay6oN8NYicQsZSeM-WpJdzpp8fWZ6Zv5lH1b2qZIdB9hZMCeuKsA4PEGErvp=w544-h544-l90-rj
NxsKRO3ERTg,Qatal,https://p320.djpunjab.is/data/320/57221/307018/Qatal - Guru Randhawa.mp3,https://lh3.googleusercontent.com/ol9dqSKQMPPDelpJ4Kt5ay6oN8NYicQsZSeM-WpJdzpp8fWZ6Zv5lH1b2qZIdB9hZMCeuKsA4PEGErvp=w544-h544-l90-rj
oW9XAbYgGhs,Sirra,https://p320.djpunjab.is/data/320/57221/307010/Sirra - Guru Randhawa.mp3,https://lh3.googleusercontent.com/ol9dqSKQMPPDelpJ4Kt5ay6oN8NYicQsZSeM-WpJdzpp8fWZ6Zv5lH1b2qZIdB9hZMCeuKsA4PEGErvp=w544-h544-l90-rj
Ghke5FwSosU,Snapback,https://p320.djpunjab.is/data/320/57221/307013/Snapback - Guru Randhawa.mp3,https://lh3.googleusercontent.com/ol9dqSKQMPPDelpJ4Kt5ay6oN8NYicQsZSeM-WpJdzpp8fWZ6Zv5lH1b2qZIdB9hZMCeuKsA4PEGErvp=w544-h544-l90-rj
272CAWQq0Ek,Surrey Connection,https://p320.djpunjab.is/data/320/57221/307019/Surrey Connection - Guru Randhawa.mp3,https://lh3.googleusercontent.com/ol9dqSKQMPPDelpJ4Kt5ay6oN8NYicQsZSeM-WpJdzpp8fWZ6Zv5lH1b2qZIdB9hZMCeuKsA4PEGErvp=w544-h544-l90-rj
9gOuF9e6zQk,KARIZMA (feat. Renuka Panwar),https://s320.djpunjab.is/data/320/57151/306872/KARIZMA - Guru Randhawa.mp3,https://lh3.googleusercontent.com/2gIHUUMg4GN0DP5vPkQ1K3enUsGG6YFpRdCx2GB_a3moVWwFFsgam_92zdkgTDRKXUVm_O7-VT5Ea6c=w544-h544-l90-rj
h26LNquysiw,RANJHA RANJHA,https://p320.djpunjab.is/data/320/56327/305622/Ranjha - Gurshabad.mp3,https://lh3.googleusercontent.com/Pp_9QxjYIjLZm9WU-6JSp78j2MIGJ6TxFLsZfaQkdTEXOPatqMSu2aVVDHhzN45A7uJv8y5tfS5Bkb2A6w=w544-h544-l90-rj
Pkd0JKZwTus,"Tere Wali Thaan (From ""Shahkot"")",https://p320.djpunjab.is/data/320/56327/305628/Tere Wali Thaan - Guru Randhawa.mp3,https://lh3.googleusercontent.com/90af2wjqAkCFmu0Rh-rponWm0fAyE_iTsuGBtC9eJrST5SUGOsB8OaecM79xFVmcBHc2HDdXEiZJy4kM=w544-h544-l90-rj
Kt2Hc3dvBUc,Hauli Hauli,https://s320.djpunjab.is/data/320/55938/305062/Hauli Hauli - Guru Randhawa.mp3,https://lh3.googleusercontent.com/U5A8clSF2Hpcnwm4TMz20X9dEUqY0fJaDqGl_vg2Cr4fLY0bf13h_Fr--2fsAsUr_HH2hXoA5Ovlc9u9hg=w544-h544-l90-rj
BEUqaSzBsBg,Pagal,https://s320.djpunjab.is/data/320/55596/304636/Pagal - Guru Randhawa.mp3,https://lh3.googleusercontent.com/r1Oa3gTH2xNNDk_ZF6QHavAg5J7bH0RFwv1XavEgg3LCUiKvMYDaqI_vQVTPQXjKRxglRBk9UcX8cOs_8g=w544-h544-l90-rj
2vQj0cBD2oI,In Love,https://s320.djpunjab.is/data/320/55492/304480/In Love - Guru Randhawa.mp3,https://lh3.googleusercontent.com/8tVK-_2E-iL-Gluk4FgK6OKdvODW4ohw4TJg0PkHZKCDLY5snJHbWwAK-Hxr8nQKB1aQ5b9sW46aqRae=w544-h544-l90-rj
awUf9mOz6JU,Chill Mode,https://p320.djpunjab.is/data/320/54810/303468/Chill Mode - Guru Randhawa.mp3,https://lh3.googleusercontent.com/GO9CUbhynrsoppgdirJ6yhj_qUPX_sHl5KYcNuoiedyoYGB-9ykgpwn-f34ciMj5cYSuHMBiRkF2O-sR=w544-h544-l90-rj
PsiRMG4yvpk,Da One,https://p320.djpunjab.is/data/320/54810/303465/Da One - Guru Randhawa.mp3,https://lh3.googleusercontent.com/GO9CUbhynrsoppgdirJ6yhj_qUPX_sHl5KYcNuoiedyoYGB-9ykgpwn-f34ciMj5cYSuHMBiRkF2O-sR=w544-h544-l90-rj
t0uIOJ3n9aw,Love Prayer,https://p320.djpunjab.is/data/320/54810/303462/Love Prayer - Guru Randhawa.mp3,https://lh3.googleusercontent.com/GO9CUbhynrsoppgdirJ6yhj_qUPX_sHl5KYcNuoiedyoYGB-9ykgpwn-f34ciMj5cYSuHMBiRkF2O-sR=w544-h544-l90-rj
zHvE2EPlMFI,Stuck On You,https://p320.djpunjab.is/data/320/54810/303464/Stuck On You - Guru Randhawa.mp3,https://lh3.googleusercontent.com/GO9CUbhynrsoppgdirJ6yhj_qUPX_sHl5KYcNuoiedyoYGB-9ykgpwn-f34ciMj5cYSuHMBiRkF2O-sR=w544-h544-l90-rj
1sqeUstX2rk,Sunrise,https://p320.djpunjab.is/data/320/54810/303467/Sunrise - Guru Randhawa.mp3,https://lh3.googleusercontent.com/GO9CUbhynrsoppgdirJ6yhj_qUPX_sHl5KYcNuoiedyoYGB-9ykgpwn-f34ciMj5cYSuHMBiRkF2O-sR=w544-h544-l90-rj
kn-AaQqcLc0,You Talking To Me?,https://s320.djpunjab.is/data/320/54082/302425/You Talking To Me - Guru Randhawa.mp3,https://lh3.googleusercontent.com/C2w9WQa0f_651au9haNXI3_S_RrxNeooihFPS-7G7hgWZwx4Bj7CCxELD_jVQdk_8TBLhv5xT1AuHTzm=w544-h544-l90-rj
X9mLtAUmn3s,Rona,https://p320.djpunjab.is/data/320/52341/300343/Rona Rona - Guru Radhawa.mp3,https://lh3.googleusercontent.com/6rPfA18guECtk5Oc-kpm56YCb6ibSM4w8AWeA8b6q3FB5LXSoSRSEtQMkwT2EY1MqgwX9LX4sZqyZYyn=w544-h544-l90-rj
1pTMFpa01a0,Aise Na Chhoro,https://s320.djpunjab.is/data/320/50809/298591/Aise Na Chhoro - Guru Randhawa.mp3,https://lh3.googleusercontent.com/JCpQKglDd9UtFmHMRFaIF38FnbhQbAzVo7GqVxxDb-Wf1pm_q2O1UQ-567bYLcu-RFHfAWXxmrIptQ4n7w=w544-h544-l90-rj
XAnCj3QyQXk,Nain Bengali,https://s320.djpunjab.is/data/320/50414/298091/Nain Bengali - Guru Randhawa.mp3,https://lh3.googleusercontent.com/Dy123ekYbEghaoh8ak_Xsb6ena45rNHmhxN8WSJSscG1Ukik32kDS97s0l_A8Pw-4Dv7Zom3cOzVLuk=w544-h544-l90-rj
cPSbgiIWmtE,Aur Pyaar Karna Hai,https://s320.djpunjab.is/data/320/49842/297424/Aur Pyaar Karna Hai - Guru Randhawa.mp3,https://lh3.googleusercontent.com/g3zRyylt9iniYwBwqyUAJ6Ew2kd-w9yMHAqyr_p68yCfSlPkSfAMMjcLir7-fLjvkyxAIr_HZAk08NE=w544-h544-l90-rj
okyHU8BKBFw,Mai teri gali aa gayi sajna,https://s320.djpunjab.is/data/320/48530/295967/Teri Gali - Guru Randhawa.mp3,https://lh3.googleusercontent.com/PW60OAQArp9KdHyYspnnkX1wTvlcgw3KdqfjfW33bj0C_RfFcz5PaXylEpREslV_Pksec6FTfTYlZvLP=w544-h544-l90-rj
sku6ifBrjk8,Yaari (No.1 Yaari Jam),https://s320.djpunjab.is/data/320/47323/294475/Yaari - Guru Randhawa.mp3,https://lh3.googleusercontent.com/VOFbRhkksuuDjLHlXzv3VAiy0KWSlp9ZoLOryG5ArR9-j52h6QozpICdycd8eHfo3G_28Ft9C8nOeE8=w544-h544-l90-rj
aQ5cJ-RfmlA,"Crazy Habibi, Enni Soni, Made In India",https://s320.djpunjab.is/data/320/46901/293926/Crazy Habibi-Enni Soni-Made In India (T-Series Mixtape Punjabi Season 2) - Guru Randhawa.mp3,https://lh3.googleusercontent.com/T0nSSFfuNgDs1kiLjIVC1WatijLSKIgupdVVam8nZK5ica4Ft1ldTxiB0eLw3NkL_r_0f1rLwC-NRy4V9A=w544-h544-l90-rj
AO9ifAd6qao,"Outfit (From ""Ujda Chaman"")",https://s320.djpunjab.is/data/320/46711/293683/Outfit (Ujda Chaman) - Guru Randhawa.mp3,https://lh3.googleusercontent.com/0O0bFQU9R2APFtu-NovB2yjV64hbapxC9s1W8opmlNyH8RjPFBlRR12tSB1261L3YN_sLz3IL8Oia2OY=w544-h544-l90-rj
C2a1prGdGCg,Main Tera Tara Tu Meri Mira,https://p320.djpunjab.is/data/320/46636/293563/Main Tera Tara Tu Meri Mira - Guru Randhawa.mp3,https://lh3.googleusercontent.com/EJKEEiW807ZtInG_scWub-ciq-aOZK93H2usNtZCpWcKgKPdj_z32tHK1neI2NeJ1cMehbcrl5U5rIA=w544-h544-l90-rj
O3iienhX50M,Viyah Da Cha,https://p320.djpunjab.is/data/320/46636/293565/Viyah Da Cha - Ranjit Bawa.mp3,https://lh3.googleusercontent.com/EJKEEiW807ZtInG_scWub-ciq-aOZK93H2usNtZCpWcKgKPdj_z32tHK1neI2NeJ1cMehbcrl5U5rIA=w544-h544-l90-rj
1yr9p8jgAGc,Tere Te Remix(Remix By Dj Missy K),https://s320.djpunjab.is/data/320/45967/292581/Tere Te Remix By Dj Missy K - Guru Randhawa.mp3,https://lh3.googleusercontent.com/dm9Lq5xhWBXEG33TMRBmaXSIS2told_wCe4VdhAPFEm9Y4w9gwak-4h4qC5gryuD-uqnB_voBRKELHWG=w544-h544-l90-rj
2Gvg2Y1TC2Q,Dil Todeya,https://s320.djpunjab.is/data/320/45945/292559/Dil Todeya (Arjun Patiala) - Diljit Dosanjh.mp3,https://lh3.googleusercontent.com/ttkudYBG34zutlyL-YIefbXM2mkjAasEzMMjX9IFmHBZ7TT7dJNy9Ay4K9EzKdJuU7oWBmukExZLpLyT=w544-h544-l90-rj
kVHsEuOiNdA,"Crazy Habibi Vs Decent Munda (From ""Arjun Patiala"")",https://s320.djpunjab.is/data/320/45790/292340/Crazy Habibi Vs Decent Munda - Guru Randhawa.mp3,https://lh3.googleusercontent.com/Ithosar8VQq1I2JKcT9uQHmL_vU4VvN6UlPLmKb610HL0R8qL26RGPqlpQ0lyp8aElhgPlvSJ9YvLtjE=w544-h544-l90-rj
dwEMucLpG9E,"Main Deewana Tera (From ""Arjun Patiala"")",https://s320.djpunjab.is/data/320/45725/292275/Main Deewana Tera (Arjun Patiala) - Guru Randhawa.mp3,https://lh3.googleusercontent.com/U3LeYEpeqWB2wtgqJLtnwhK37HjAz-Qc_l0iD-uG8pNYUBaB_qRGe_OPIR8jXYBRNJbiMYB_O2Xji0gbvg=w544-h544-l90-rj
KzicZF8w_PI,Sajan Rus Jave Tan Unplugged,https://s320.djpunjab.is/data/320/45669/292191/Sajan Rus Jave Tan Unplugged - Guru Randhawa.mp3,https://lh3.googleusercontent.com/tt87V4sjeZ4UhCBJOqBHESbYool1-9SG93hEDVpASlRGyZnJRw9l1iPeiQpTijqUjnmRfko5hFideted=w544-h544-l90-rj
tXbtSC5s-O8,"Dilbar-Ishare Tere-Tere Te (From ""T-Series Mixtape Season 2"")",https://s320.djpunjab.is/data/320/45062/291340/Dilbar-Ishare Tere-Tere Te (T-Series Mixtape Season 2) - Neha Kakkar.mp3,https://lh3.googleusercontent.com/jBGVuK6QC7MWkhJFdeZCOkiwYM2vQv2mBvW0p1XuSqTRR8KSiyHNeJf6M3ow0LotNbICN0cEQcTZjLtiFQ=w544-h544-l90-rj
K5uqXmHWT1c,Downtown Remix(Remix By Dj Yogii),https://s320.djpunjab.is/data/320/44913/291114/Downtown Remix - Dj Yogii.mp3,https://lh3.googleusercontent.com/hsduMVTYSsFNOgjB5gKZvH1-5FQ-7B6sV4hbxyJavhL8GaY_hb_Vpv_qXlJjFBe8I4Sj09W4d_PNmqdNhw=w544-h544-l90-rj
4dMilZsyzhM,"Daaru Wargi (From ""Cheat India"")",https://s320.djpunjab.is/data/320/44276/290163/Daaru Wargi (Cheat India) - Guru Randhawa.mp3,https://lh3.googleusercontent.com/TkwKmTAExbjSZswckrm5rV_Xr8iyx5_1S435df7GHE_YUp1hxJWFfCQDOURFS1TT0-w_d5cP163uaXjZ=w544-h544-l90-rj
X_3LGr7jy3I,Golimaar,https://s320.djpunjab.is/data/320/43920/289711/Golimaar - Guru Randhawa.mp3,https://lh3.googleusercontent.com/PhEeyO5wrPkS057t_YJ-M9H7UCVoRTx18etq2JVouKtwwiaNwW_91X6M2Lv3aICSJj9QRGxyDW8p5jss=w544-h544-l90-rj
mDeToJRzm7o,"Morni Banke (From ""Badhaai Ho"")",https://s320.djpunjab.is/data/320/43594/289250/Morni Banke (Badhaai Ho) - Guru Randhawa.mp3,https://lh3.googleusercontent.com/0pvyl-J2SM9Vm19b5Lal-TIGh4aGBsGfaeupab7RSbwPfELtKdUK6ma_2AefXe8hIt0UU_g2dP4MVio=w544-h544-l90-rj
ZMo30jiol78,Haan Haan Hum Peete Hain,https://p320.djpunjab.is/data/320/43141/288605/Haan Haan Hum Peete Hain - Millind Gaba.mp3,https://lh3.googleusercontent.com/Xz8JpGc_4o6j2YJIlJvO14zFsCW5wini9QWN0OFridEXSFcA2nx7E7wrNQGRbuWCQfITn9Dl_qeJba8=w544-h544-l90-rj
JMtgOExICMI,"Oh Ho Ho Ho-Soni De Nakhre (From ""T-Series Mixtape Punjabi"")",https://p320.djpunjab.is/data/320/43141/288601/Oh Ho Ho Ho-Soni De Nakhre - Sukhbir.mp3,https://lh3.googleusercontent.com/2Q38tRN8tQDPYlQRUpEc-G--tTyx_fKOVg80oJq1hcGmC3hFK94XCzS7S9aU8co-a3Wx9LJIvts8EG8v=w544-h544-l90-rj
hgmrAD0tdDc,Raat Kamaal Hai,https://s320.djpunjab.is/data/320/42427/287637/Ratt Kamaal Hai - Guru Randhawa.mp3,https://lh3.googleusercontent.com/LnkS1DmGSU16qAZltS1J4_vOIAI0grSWYSPc8vt8Ar-zRUc4eMtwf_7rdBK7RrXMDFWpsHZ5xVXXmXqD=w544-h544-l90-rj
svjoGfr3YKM,"Car Nachdi/Hornn Blow (From ""T-Series Mixtape Punjabi"")",https://p320.djpunjab.is/data/320/41858/286743/Car Nachdi-Hornn Blow - Gippy Grewal.mp3,https://lh3.googleusercontent.com/s-cmJ_wn12pxkTufNl-_uMerVZKXk_TVQ4uHyMqRKwKS5lCCfDWVwAtIzK81WbNYgktTB-IEPJeP9LDF=w544-h544-l90-rj
i_nT1NzAdmk,"Saddi Galli-Rail Gaddi (From ""T-Series Mixtape Punjabi"")",https://p320.djpunjab.is/data/320/41858/286747/Saddi Galli-Rail Gaddi - Deep Money.mp3,https://lh3.googleusercontent.com/_jdzsZTsr1emG9FO8KDM0iesKyzLIz6aMANhEAXeYKvgDjnDoiaoPFlTklNLE3aT6vb3EECdfntpgNtu2A=w544-h544-l90-rj
gQT-naZJ-WI,Ambarsariya-Suit Suit,https://p320.djpunjab.is/data/320/41548/286262/Ambarsariya-Suit Suit  - Guru Randhawa.mp3,https://lh3.googleusercontent.com/zIIgrLQqOt7kRfTNaWvo6sU27uVuQS6YnmC_okjAKOK4PTKOxRWQ3qd7csuqKfz2oHu33ODDZZFN1Fpd=w544-h544-l90-rj
1234ni47MH0,Ban Ja Rani Remix(Remix By Dj Chetas),https://p320.djpunjab.is/data/320/41548/286264/Ban Ja Rani Remix - Guru Randhawa.mp3,https://lh3.googleusercontent.com/d0t_OjtR6bwCvD0LpkhVVM_02W_xptJGlXzkWIQvcAiIAswQq0rLPhbrw61HKj7p6XbKCfhPLPifbT2w=w544-h544-l90-rj
5h9d5G93qNA,"High Rated Gabru-Ban Ja Rani (From ""T-Series Mixtape Punjabi"")",https://p320.djpunjab.is/data/320/41548/286267/High Rated Gabru-Ban Ja Rani - Guru Randhawa.mp3,https://lh3.googleusercontent.com/ZOSL3l3omISlW96Q7GPt-2NS_4NPOTM4M6Sm8O2P0tL-yuBgggSdowSghAJQc8fvHc9UJ2Y7EvPnZhY=w544-h544-l90-rj
ygZ7rQ0w3M8,Taare,https://p320.djpunjab.is/data/320/41548/286271/Taare - Guru Randhawa.mp3,https://lh3.googleusercontent.com/DO2dKy0fFGVGad_qXHqWjq56AWn88uJR32OvUUXNQhtmIFn0xLHdFx9J428yqMZrzrVq9Qor1CUk-VeTQg=w544-h544-l90-rj
TsHyFQAIDNU,FASHION,https://p320.djpunjab.is/data/320/41068/285601/Fashion - Guru Randhawa.mp3,https://lh3.googleusercontent.com/1edn_npXhTWTYScDP5nMQdZSZ3xhUrBSuEtF43gOuTWghbSSKv5_y2mK7k6sIPT4ILZFwyZ-37IMq6w=w544-h544-l90-rj
-HEp9tTp2CM,"Patola (From ""Blackmail"")",https://p320.djpunjab.is/data/320/41068/285602/Patola - Guru Randhawa.mp3,https://lh3.googleusercontent.com/SgU6kLTa2LcD95ZPrb_RIlavmoIxdUk57TwOPNtm1X1Mc1Ndc6Je6-ZwGU-gKxH4_j_t9ErakomgSj6A=w544-h544-l90-rj
o6IirTVFIEk,KHAT,https://s320.djpunjab.is/data/320/35103/275490/Khat - Guru Randhawa.mp3,https://lh3.googleusercontent.com/-8UvgEcitiTBxcsQTqvjt3x8_ffMGYaPQqpbh3bif8LEcvzwuMdpDRG0b6N8ua4QGTfXrPrs-3QiLN5-=w544-h544-l90-rj
